"Species"	"Bias"	"Tissue"	"Sex"	".y."	"group1"	"group2"	"p"	"p.adj"	"p.format"	"p.signif"	"method"	"Mean_MeanVarRank_Foreground"	"SD_MeanVarRank_Foreground"	"Mean_MeanVarRank_Other"	"SD_MeanVarRank_Other"	"DiffMeans_MeanVarRank"	"GlassDelta"
"Danio_rerio"	"brain"	"brain"	"F"	NA	NA	NA	NA	NA	NA	NA	NA	NA	NA	NA	NA	NA	NA
"Danio_rerio"	"brain"	"brain"	"M"	NA	NA	NA	NA	NA	NA	NA	NA	NA	NA	NA	NA	NA	NA
"Danio_rerio"	"brain"	"eye"	"F"	"Mean_Local_Rank_Log2CV"	"other"	"brain"	1.52754674609081e-06	2.7e-06	"1.5e-06"	"****"	"Wilcoxon"	0.492639375145057	0.2602632556496	0.527729098772926	0.282497677673854	-0.0350897236278691	-0.124212432175745
"Danio_rerio"	"brain"	"eye"	"M"	"Mean_Local_Rank_Log2CV"	"other"	"brain"	6.50375619862007e-17	2.5e-16	"< 2e-16"	"****"	"Wilcoxon"	0.463557811952821	0.265855891463006	0.525719070872383	0.282329966229468	-0.0621612589195629	-0.22017237401233
"Danio_rerio"	"brain"	"intestine"	"F"	"Mean_Local_Rank_Log2CV"	"other"	"brain"	3.87537453296166e-74	1.3e-72	"< 2e-16"	"****"	"Wilcoxon"	0.38351607263347	0.256264411194269	0.558580272315145	0.277189686824353	-0.175064199681675	-0.63156822927762
"Danio_rerio"	"brain"	"intestine"	"M"	"Mean_Local_Rank_Log2CV"	"other"	"brain"	1.58908765523885e-21	7.1e-21	"< 2e-16"	"****"	"Wilcoxon"	0.441121293016748	0.276225082755754	0.533322952196669	0.280843208844574	-0.0922016591799218	-0.328302968618153
"Danio_rerio"	"brain"	"liver"	"F"	"Mean_Local_Rank_Log2CV"	"other"	"brain"	4.75121983942579e-12	1.5e-11	"4.8e-12"	"****"	"Wilcoxon"	0.42613870114354	0.274706488885773	0.522455537032288	0.279747149219744	-0.0963168358887477	-0.344299615411236
"Danio_rerio"	"brain"	"liver"	"M"	"Mean_Local_Rank_Log2CV"	"other"	"brain"	4.24591717625315e-16	1.5e-15	"4.2e-16"	"****"	"Wilcoxon"	0.444124119925431	0.281941015932521	0.527314269054226	0.276784037192049	-0.0831901491287944	-0.300559779287677
"Danio_rerio"	"brain"	"gills"	"F"	"Mean_Local_Rank_Log2CV"	"other"	"brain"	1.70997209644877e-07	3.4e-07	"1.7e-07"	"****"	"Wilcoxon"	0.477576605430666	0.251456292886987	0.520460294700042	0.269304806580452	-0.042883689269376	-0.159238484503487
"Danio_rerio"	"brain"	"gills"	"M"	"Mean_Local_Rank_Log2CV"	"other"	"brain"	1.53909511180799e-21	7.1e-21	"< 2e-16"	"****"	"Wilcoxon"	0.438092943046901	0.254277511945851	0.518725946604762	0.277510588829365	-0.0806330035578606	-0.290558295083436
"Danio_rerio"	"brain"	"pectoral_fin"	"F"	"Mean_Local_Rank_Log2CV"	"other"	"brain"	1.78461969509507e-67	4.4e-66	"< 2e-16"	"****"	"Wilcoxon"	0.392129282450805	0.254566456545104	0.546468323224199	0.276095831414188	-0.154339040773395	-0.559005327906821
"Danio_rerio"	"brain"	"pectoral_fin"	"M"	"Mean_Local_Rank_Log2CV"	"other"	"brain"	1.79943238344432e-30	1.2e-29	"< 2e-16"	"****"	"Wilcoxon"	0.429759708631453	0.262208280258925	0.532200688385278	0.282283469255119	-0.102440979753825	-0.36290109379817
"Danio_rerio"	"brain"	"ovary"	"F"	"Mean_Local_Rank_Log2CV"	"other"	"brain"	3.83312063185788e-08	8.2e-08	"3.8e-08"	"****"	"Wilcoxon"	0.45195121345919	0.266799952644102	0.505342431716711	0.278474956015348	-0.0533912182575212	-0.191727180862105
"Danio_rerio"	"brain"	"ovary"	"M"	NA	NA	NA	NA	NA	NA	NA	NA	NA	NA	NA	NA	NA	NA
"Danio_rerio"	"brain"	"testis"	"F"	NA	NA	NA	NA	NA	NA	NA	NA	NA	NA	NA	NA	NA	NA
"Danio_rerio"	"brain"	"testis"	"M"	"Mean_Local_Rank_Log2CV"	"other"	"brain"	0.234690733593054	0.27	"0.23469"	"ns"	"Wilcoxon"	0.49706630460845	0.27837778716635	0.50637976333366	0.274576998241327	-0.00931345872521033	-0.0339192968998251
"Danio_rerio"	"eye"	"brain"	"F"	"Mean_Local_Rank_Log2CV"	"other"	"eye"	3.71126017350636e-09	8.5e-09	"3.7e-09"	"****"	"Wilcoxon"	0.563619810876954	0.28099933934743	0.498731703382569	0.283913645070144	0.0648881074943848	0.228548745793297
"Danio_rerio"	"eye"	"brain"	"M"	"Mean_Local_Rank_Log2CV"	"other"	"eye"	0.848568595121813	0.87	"0.84857"	"ns"	"Wilcoxon"	0.48935779747718	0.288401491368027	0.486123661848705	0.273321881944117	0.00323413562847485	0.0118326992536079
"Danio_rerio"	"eye"	"eye"	"F"	NA	NA	NA	NA	NA	NA	NA	NA	NA	NA	NA	NA	NA	NA
"Danio_rerio"	"eye"	"eye"	"M"	NA	NA	NA	NA	NA	NA	NA	NA	NA	NA	NA	NA	NA	NA
"Danio_rerio"	"eye"	"intestine"	"F"	"Mean_Local_Rank_Log2CV"	"other"	"eye"	1.34227138195656e-20	5.7e-20	"< 2e-16"	"****"	"Wilcoxon"	0.415157240452999	0.263758140759973	0.542787949761035	0.280200224613104	-0.127630709308035	-0.455498240532341
"Danio_rerio"	"eye"	"intestine"	"M"	"Mean_Local_Rank_Log2CV"	"other"	"eye"	5.45339851975937e-07	1e-06	"5.5e-07"	"****"	"Wilcoxon"	0.455372460496614	0.271207789175533	0.524835429796879	0.282184787171929	-0.0694629693002651	-0.246161283166349
"Danio_rerio"	"eye"	"liver"	"F"	"Mean_Local_Rank_Log2CV"	"other"	"eye"	4.35093385828159e-05	7e-05	"4.4e-05"	"****"	"Wilcoxon"	0.438867306275534	0.261419770057437	0.515459201458361	0.281507905642521	-0.076591895182827	-0.27207724418258
"Danio_rerio"	"eye"	"liver"	"M"	"Mean_Local_Rank_Log2CV"	"other"	"eye"	5.50295371555659e-08	1.1e-07	"5.5e-08"	"****"	"Wilcoxon"	0.442391491186089	0.27346487639369	0.520793287339915	0.278641076172459	-0.078401796153826	-0.281371997376656
"Danio_rerio"	"eye"	"gills"	"F"	"Mean_Local_Rank_Log2CV"	"other"	"eye"	0.0236086350557072	0.031	"0.02361"	"*"	"Wilcoxon"	0.488987114845938	0.257323114529728	0.515930187586413	0.267781722828867	-0.0269430727404747	-0.100615801765132
"Danio_rerio"	"eye"	"gills"	"M"	"Mean_Local_Rank_Log2CV"	"other"	"eye"	0.12312032045062	0.15	"0.12312"	"ns"	"Wilcoxon"	0.489458121790383	0.266412731631352	0.508152290435183	0.276302215556161	-0.0186941686447999	-0.0676584102200228
"Danio_rerio"	"eye"	"pectoral_fin"	"F"	"Mean_Local_Rank_Log2CV"	"other"	"eye"	3.9626922834587e-10	1e-09	"4.0e-10"	"****"	"Wilcoxon"	0.451498854128215	0.264562075309915	0.5299906618752	0.278576590079286	-0.0784918077469856	-0.281760243115353
"Danio_rerio"	"eye"	"pectoral_fin"	"M"	"Mean_Local_Rank_Log2CV"	"other"	"eye"	0.223169698321324	0.26	"0.22317"	"ns"	"Wilcoxon"	0.503542680667681	0.272694259951722	0.519058374923025	0.282391325789969	-0.0155156942553439	-0.054943947771554
"Danio_rerio"	"eye"	"ovary"	"F"	"Mean_Local_Rank_Log2CV"	"other"	"eye"	4.5469827529884e-06	8e-06	"4.5e-06"	"****"	"Wilcoxon"	0.436567434912505	0.269228737649601	0.500572865684518	0.277236822691557	-0.0640054307720123	-0.23086915421485
"Danio_rerio"	"eye"	"ovary"	"M"	NA	NA	NA	NA	NA	NA	NA	NA	NA	NA	NA	NA	NA	NA
"Danio_rerio"	"eye"	"testis"	"F"	NA	NA	NA	NA	NA	NA	NA	NA	NA	NA	NA	NA	NA	NA
"Danio_rerio"	"eye"	"testis"	"M"	"Mean_Local_Rank_Log2CV"	"other"	"eye"	0.876917717240553	0.88	"0.87692"	"ns"	"Wilcoxon"	0.506092722553355	0.270058331164149	0.504630165855477	0.275710625532801	0.00146255669787854	0.00530468020611175
"Danio_rerio"	"gills"	"brain"	"F"	"Mean_Local_Rank_Log2CV"	"other"	"gills"	0.681590032678208	0.72	"0.68159"	"ns"	"Wilcoxon"	0.50021862829647	0.292746252405883	0.505049580183222	0.283557330813954	-0.00483095188675176	-0.0170369493635889
"Danio_rerio"	"gills"	"brain"	"M"	"Mean_Local_Rank_Log2CV"	"other"	"gills"	0.394517497545704	0.43	"0.39452"	"ns"	"Wilcoxon"	0.477046895080228	0.273064033044889	0.487190003510987	0.274869543363307	-0.0101431084307584	-0.0369015362948082
"Danio_rerio"	"gills"	"eye"	"F"	"Mean_Local_Rank_Log2CV"	"other"	"gills"	1.46995824203043e-07	2.9e-07	"1.5e-07"	"****"	"Wilcoxon"	0.574054602765241	0.270218399003033	0.516192024728205	0.278870300521328	0.0578625780370362	0.207489208886232
"Danio_rerio"	"gills"	"eye"	"M"	"Mean_Local_Rank_Log2CV"	"other"	"gills"	1.9937956216737e-10	5.3e-10	"2.0e-10"	"****"	"Wilcoxon"	0.577929804585086	0.275260523251192	0.50815242491529	0.280032943732776	0.0697773796697959	0.249175610339552
"Danio_rerio"	"gills"	"intestine"	"F"	"Mean_Local_Rank_Log2CV"	"other"	"gills"	9.13471663875605e-05	0.00014	"9.1e-05"	"****"	"Wilcoxon"	0.495380054623205	0.268712117243632	0.538982720896184	0.281725083467573	-0.0436026662729785	-0.154770266588623
"Danio_rerio"	"gills"	"intestine"	"M"	"Mean_Local_Rank_Log2CV"	"other"	"gills"	3.17559668576515e-09	7.6e-09	"3.2e-09"	"****"	"Wilcoxon"	0.582879770688729	0.272051059547445	0.514230882236287	0.282235729394707	0.0686488884524425	0.243232451821991
"Danio_rerio"	"gills"	"liver"	"F"	"Mean_Local_Rank_Log2CV"	"other"	"gills"	0.149395649637892	0.18	"0.14940"	"ns"	"Wilcoxon"	0.483937731790536	0.264313412640262	0.512284504923595	0.281787931560308	-0.0283467731330593	-0.100596121970513
"Danio_rerio"	"gills"	"liver"	"M"	"Mean_Local_Rank_Log2CV"	"other"	"gills"	0.0764908161133156	0.096	"0.07649"	"ns"	"Wilcoxon"	0.493553760602541	0.278306745899925	0.517614710674817	0.278942720553794	-0.0240609500722755	-0.0862576733477988
"Danio_rerio"	"gills"	"gills"	"F"	NA	NA	NA	NA	NA	NA	NA	NA	NA	NA	NA	NA	NA	NA
"Danio_rerio"	"gills"	"gills"	"M"	NA	NA	NA	NA	NA	NA	NA	NA	NA	NA	NA	NA	NA	NA
"Danio_rerio"	"gills"	"pectoral_fin"	"F"	"Mean_Local_Rank_Log2CV"	"other"	"gills"	3.24559791104082e-13	1.1e-12	"3.2e-13"	"****"	"Wilcoxon"	0.59176352485101	0.275510618585225	0.51768886537331	0.277702765333617	0.0740746594776999	0.266740806087079
"Danio_rerio"	"gills"	"pectoral_fin"	"M"	"Mean_Local_Rank_Log2CV"	"other"	"gills"	2.42547444520291e-19	9.9e-19	"< 2e-16"	"****"	"Wilcoxon"	0.601105122132296	0.282670546559013	0.508982534563138	0.280239359106814	0.092122587569158	0.3287282266944
"Danio_rerio"	"gills"	"ovary"	"F"	"Mean_Local_Rank_Log2CV"	"other"	"gills"	0.285726262747401	0.32	"0.28573"	"ns"	"Wilcoxon"	0.481838539334229	0.27868417437688	0.49672170466382	0.277003954787011	-0.0148831653295913	-0.0537290716337786
"Danio_rerio"	"gills"	"ovary"	"M"	NA	NA	NA	NA	NA	NA	NA	NA	NA	NA	NA	NA	NA	NA
"Danio_rerio"	"gills"	"testis"	"F"	NA	NA	NA	NA	NA	NA	NA	NA	NA	NA	NA	NA	NA	NA
"Danio_rerio"	"gills"	"testis"	"M"	"Mean_Local_Rank_Log2CV"	"other"	"gills"	0.449598241034801	0.49	"0.44960"	"ns"	"Wilcoxon"	0.512120134103185	0.27204880989151	0.504092524348151	0.275543845376312	0.0080276097550338	0.029133692839593
"Danio_rerio"	"intestine"	"brain"	"F"	"Mean_Local_Rank_Log2CV"	"other"	"intestine"	8.75057094464566e-06	1.5e-05	"8.8e-06"	"****"	"Wilcoxon"	0.551060283456301	0.286992440005934	0.500396867897686	0.283630015509176	0.0506634155586153	0.178625014237875
"Danio_rerio"	"intestine"	"brain"	"M"	"Mean_Local_Rank_Log2CV"	"other"	"intestine"	0.0374215689678349	0.048	"0.03742"	"*"	"Wilcoxon"	0.507273212438499	0.272825543872442	0.484460687765964	0.274844868402919	0.0228125246725346	0.0830014575316418
"Danio_rerio"	"intestine"	"eye"	"F"	"Mean_Local_Rank_Log2CV"	"other"	"intestine"	0.00372473012852806	0.0052	"0.00372"	"**"	"Wilcoxon"	0.550199024266332	0.277749839015714	0.518395810571544	0.278562922329938	0.031803213694788	0.114168868666302
"Danio_rerio"	"intestine"	"eye"	"M"	"Mean_Local_Rank_Log2CV"	"other"	"intestine"	1.75268149780361e-10	4.8e-10	"1.8e-10"	"****"	"Wilcoxon"	0.578598818245814	0.274508557912872	0.508188606677568	0.28008623229954	0.070410211568246	0.251387620841518
"Danio_rerio"	"intestine"	"intestine"	"F"	NA	NA	NA	NA	NA	NA	NA	NA	NA	NA	NA	NA	NA	NA
"Danio_rerio"	"intestine"	"intestine"	"M"	NA	NA	NA	NA	NA	NA	NA	NA	NA	NA	NA	NA	NA	NA
"Danio_rerio"	"intestine"	"liver"	"F"	"Mean_Local_Rank_Log2CV"	"other"	"intestine"	3.56834468424044e-09	8.3e-09	"3.6e-09"	"****"	"Wilcoxon"	0.581773667202465	0.283485893586186	0.500582112973202	0.279080369009781	0.0811915542292626	0.290925350705757
"Danio_rerio"	"intestine"	"liver"	"M"	"Mean_Local_Rank_Log2CV"	"other"	"intestine"	2.22834277551775e-42	2.4e-41	"< 2e-16"	"****"	"Wilcoxon"	0.648952314722829	0.275676157043675	0.499091975665471	0.274827742913895	0.149860339057358	0.545288250263402
"Danio_rerio"	"intestine"	"gills"	"F"	"Mean_Local_Rank_Log2CV"	"other"	"intestine"	2.81973124063295e-19	1.1e-18	"< 2e-16"	"****"	"Wilcoxon"	0.59635782937028	0.25740361573525	0.505770948065416	0.266776906966779	0.0905868813048645	0.339560430229236
"Danio_rerio"	"intestine"	"gills"	"M"	"Mean_Local_Rank_Log2CV"	"other"	"intestine"	4.74763906680415e-29	2.9e-28	"< 2e-16"	"****"	"Wilcoxon"	0.611587602592659	0.2661068714455	0.49618728527658	0.274431667428804	0.115400317316079	0.420506563244992
"Danio_rerio"	"intestine"	"pectoral_fin"	"F"	"Mean_Local_Rank_Log2CV"	"other"	"intestine"	1.18997378849049e-08	2.6e-08	"1.2e-08"	"****"	"Wilcoxon"	0.580494415049971	0.277858345014432	0.519707511341638	0.277834419078478	0.0607869037083324	0.21878824052812
"Danio_rerio"	"intestine"	"pectoral_fin"	"M"	"Mean_Local_Rank_Log2CV"	"other"	"intestine"	8.20746800451708e-09	1.8e-08	"8.2e-09"	"****"	"Wilcoxon"	0.575454728300619	0.276651713797436	0.512616051331782	0.28170473727927	0.0628386769688368	0.223065744565528
"Danio_rerio"	"intestine"	"ovary"	"F"	"Mean_Local_Rank_Log2CV"	"other"	"intestine"	1.50479906051301e-06	2.7e-06	"1.5e-06"	"****"	"Wilcoxon"	0.548472439305334	0.273694112010626	0.489528730798312	0.276902730962591	0.0589437085070222	0.212867920450324
"Danio_rerio"	"intestine"	"ovary"	"M"	NA	NA	NA	NA	NA	NA	NA	NA	NA	NA	NA	NA	NA	NA
"Danio_rerio"	"intestine"	"testis"	"F"	NA	NA	NA	NA	NA	NA	NA	NA	NA	NA	NA	NA	NA	NA
"Danio_rerio"	"intestine"	"testis"	"M"	"Mean_Local_Rank_Log2CV"	"other"	"intestine"	2.3477959856698e-12	7.4e-12	"2.3e-12"	"****"	"Wilcoxon"	0.567523470280501	0.276834740474429	0.49821182495085	0.274282776060525	0.0693116453296509	0.252701413939154
"Danio_rerio"	"liver"	"brain"	"F"	"Mean_Local_Rank_Log2CV"	"other"	"liver"	0.00312262448880637	0.0044	"0.00312"	"**"	"Wilcoxon"	0.535778223822961	0.282174728412401	0.501869539925235	0.28428611314688	0.0339086838977254	0.119276610181117
"Danio_rerio"	"liver"	"brain"	"M"	"Mean_Local_Rank_Log2CV"	"other"	"liver"	0.0199731723376491	0.027	"0.01997"	"*"	"Wilcoxon"	0.510850454442871	0.2820480396524	0.484241084617759	0.273980333712974	0.0266093698251122	0.0971214592832365
"Danio_rerio"	"liver"	"eye"	"F"	"Mean_Local_Rank_Log2CV"	"other"	"liver"	9.76958667943624e-06	1.7e-05	"9.8e-06"	"****"	"Wilcoxon"	0.568241106435597	0.288876280548224	0.517314803154376	0.277526697298764	0.0509263032812205	0.183500556079465
"Danio_rerio"	"liver"	"eye"	"M"	"Mean_Local_Rank_Log2CV"	"other"	"liver"	0.0349323265201622	0.045	"0.03493"	"*"	"Wilcoxon"	0.536025501437266	0.287908173622996	0.511981803361663	0.279639142913251	0.0240436980756027	0.0859811606669867
"Danio_rerio"	"liver"	"intestine"	"F"	"Mean_Local_Rank_Log2CV"	"other"	"liver"	1.36048401587564e-39	1.2e-38	"< 2e-16"	"****"	"Wilcoxon"	0.665771829721759	0.255871699940971	0.521522059547137	0.279868689018123	0.144249770174622	0.515419465752674
"Danio_rerio"	"liver"	"intestine"	"M"	"Mean_Local_Rank_Log2CV"	"other"	"liver"	1.12254326687827e-93	1.1e-91	"< 2e-16"	"****"	"Wilcoxon"	0.723088678451178	0.263408412215381	0.49776187160822	0.274850783541791	0.225326806842958	0.819815042690961
"Danio_rerio"	"liver"	"liver"	"F"	NA	NA	NA	NA	NA	NA	NA	NA	NA	NA	NA	NA	NA	NA
"Danio_rerio"	"liver"	"liver"	"M"	NA	NA	NA	NA	NA	NA	NA	NA	NA	NA	NA	NA	NA	NA
"Danio_rerio"	"liver"	"gills"	"F"	"Mean_Local_Rank_Log2CV"	"other"	"liver"	0.0237968867014844	0.031	"0.02380"	"*"	"Wilcoxon"	0.53669387203828	0.265989058761388	0.512408213796196	0.267237403339616	0.0242856582420842	0.0908767183732174
"Danio_rerio"	"liver"	"gills"	"M"	"Mean_Local_Rank_Log2CV"	"other"	"liver"	0.000156646400536635	0.00024	"0.00016"	"***"	"Wilcoxon"	0.546588870287698	0.282220683774395	0.503716898312669	0.274928251908841	0.042871971975029	0.155938764668115
"Danio_rerio"	"liver"	"pectoral_fin"	"F"	"Mean_Local_Rank_Log2CV"	"other"	"liver"	0.165304242087157	0.2	"0.16530"	"ns"	"Wilcoxon"	0.540643358323722	0.2748081103231	0.523907346184889	0.278602993322912	0.0167360121388331	0.0600711856653867
"Danio_rerio"	"liver"	"pectoral_fin"	"M"	"Mean_Local_Rank_Log2CV"	"other"	"liver"	5.96706079852204e-23	2.9e-22	"< 2e-16"	"****"	"Wilcoxon"	0.625512049775229	0.288698552190928	0.509696886679299	0.279547739869517	0.115815163095931	0.414294757489326
"Danio_rerio"	"liver"	"ovary"	"F"	"Mean_Local_Rank_Log2CV"	"other"	"liver"	0.0149612410557253	0.02	"0.01496"	"*"	"Wilcoxon"	0.521994445313722	0.289970223865294	0.49251764230248	0.275441693088172	0.0294768030112424	0.107016489336661
"Danio_rerio"	"liver"	"ovary"	"M"	NA	NA	NA	NA	NA	NA	NA	NA	NA	NA	NA	NA	NA	NA
"Danio_rerio"	"liver"	"testis"	"F"	NA	NA	NA	NA	NA	NA	NA	NA	NA	NA	NA	NA	NA	NA
"Danio_rerio"	"liver"	"testis"	"M"	"Mean_Local_Rank_Log2CV"	"other"	"liver"	0.000679387217100371	0.00099	"0.00068"	"***"	"Wilcoxon"	0.537523681515617	0.273888634966223	0.501938086193381	0.275206723585805	0.0355855953222356	0.129304963405593
"Danio_rerio"	"ovary"	"brain"	"F"	"Mean_Local_Rank_Log2CV"	"other"	"ovary"	1.98002001079602e-36	1.5e-35	"< 2e-16"	"****"	"Wilcoxon"	0.442126127030889	0.267541252175802	0.530347394597659	0.286927748255924	-0.0882212675667696	-0.307468580864061
"Danio_rerio"	"ovary"	"brain"	"M"	"Mean_Local_Rank_Log2CV"	"other"	"ovary"	7.28028590193816e-08	1.5e-07	"7.3e-08"	"****"	"Wilcoxon"	0.459894212901936	0.266914499522903	0.497435247755786	0.277187556273033	-0.0375410348538506	-0.135435498471195
"Danio_rerio"	"ovary"	"eye"	"F"	"Mean_Local_Rank_Log2CV"	"other"	"ovary"	3.12762874851755e-49	6.1e-48	"< 2e-16"	"****"	"Wilcoxon"	0.444823222916658	0.265530293615809	0.546151732183853	0.278283710025475	-0.101328509267194	-0.364119442197743
"Danio_rerio"	"ovary"	"eye"	"M"	"Mean_Local_Rank_Log2CV"	"other"	"ovary"	5.61802780013287e-27	3.1e-26	"< 2e-16"	"****"	"Wilcoxon"	0.458354329101523	0.271616934778706	0.531882982368746	0.28071425331155	-0.0735286532672237	-0.261934164011323
"Danio_rerio"	"ovary"	"intestine"	"F"	"Mean_Local_Rank_Log2CV"	"other"	"ovary"	7.2098703678991e-80	3.5e-78	"< 2e-16"	"****"	"Wilcoxon"	0.624825745611325	0.265761334615738	0.493414887312757	0.277946875188551	0.131410858298568	0.472791277863523
"Danio_rerio"	"ovary"	"intestine"	"M"	"Mean_Local_Rank_Log2CV"	"other"	"ovary"	4.25518115305439e-23	2.2e-22	"< 2e-16"	"****"	"Wilcoxon"	0.470317656628042	0.265225399389554	0.541880365990294	0.286203629159644	-0.071562709362252	-0.250041236627137
"Danio_rerio"	"ovary"	"liver"	"F"	"Mean_Local_Rank_Log2CV"	"other"	"ovary"	3.63642938305838e-05	5.9e-05	"3.6e-05"	"****"	"Wilcoxon"	0.536138706508054	0.275761500502946	0.496724892479368	0.282729487243043	0.0394138140286865	0.139404681177825
"Danio_rerio"	"ovary"	"liver"	"M"	"Mean_Local_Rank_Log2CV"	"other"	"ovary"	0.858138625186537	0.87	"0.85814"	"ns"	"Wilcoxon"	0.51519692942888	0.268482066479565	0.516237281077225	0.28344291712437	-0.0010403516483446	-0.00367040975621947
"Danio_rerio"	"ovary"	"gills"	"F"	"Mean_Local_Rank_Log2CV"	"other"	"ovary"	4.01826950448364e-44	5.2e-43	"< 2e-16"	"****"	"Wilcoxon"	0.447661209439528	0.254691889144538	0.539767861181107	0.267509498965976	-0.0921066517415794	-0.344311705182829
"Danio_rerio"	"ovary"	"gills"	"M"	"Mean_Local_Rank_Log2CV"	"other"	"ovary"	4.81708174694065e-38	3.9e-37	"< 2e-16"	"****"	"Wilcoxon"	0.444465652085245	0.257152419982142	0.530700902545263	0.27880198882877	-0.0862352504600177	-0.309306439391938
"Danio_rerio"	"ovary"	"pectoral_fin"	"F"	"Mean_Local_Rank_Log2CV"	"other"	"ovary"	2.12034800956842e-09	5.2e-09	"2.1e-09"	"****"	"Wilcoxon"	0.55601961890299	0.273669927978892	0.513860588610134	0.279211127822047	0.0421590302928559	0.15099337415995
"Danio_rerio"	"ovary"	"pectoral_fin"	"M"	"Mean_Local_Rank_Log2CV"	"other"	"ovary"	7.95542527645408e-12	2.4e-11	"8.0e-12"	"****"	"Wilcoxon"	0.483175082211817	0.274820819342015	0.530592616494328	0.283246321065548	-0.0474175342825114	-0.167407414522211
"Danio_rerio"	"ovary"	"ovary"	"F"	NA	NA	NA	NA	NA	NA	NA	NA	NA	NA	NA	NA	NA	NA
"Danio_rerio"	"ovary"	"ovary"	"M"	NA	NA	NA	NA	NA	NA	NA	NA	NA	NA	NA	NA	NA	NA
"Danio_rerio"	"ovary"	"testis"	"F"	NA	NA	NA	NA	NA	NA	NA	NA	NA	NA	NA	NA	NA	NA
"Danio_rerio"	"ovary"	"testis"	"M"	"Mean_Local_Rank_Log2CV"	"other"	"ovary"	8.87672586923407e-29	5.1e-28	"< 2e-16"	"****"	"Wilcoxon"	0.455538731482441	0.264099048509417	0.525082864136213	0.27721654360619	-0.0695441326537727	-0.25086573748126
"Danio_rerio"	"pectoral_fin"	"brain"	"F"	"Mean_Local_Rank_Log2CV"	"other"	"pectoral_fin"	0.160985065930031	0.19	"0.16099"	"ns"	"Wilcoxon"	0.523629684238118	0.278189495971548	0.503648799585954	0.284556758028203	0.0199808846521639	0.0702175720254146
"Danio_rerio"	"pectoral_fin"	"brain"	"M"	"Mean_Local_Rank_Log2CV"	"other"	"pectoral_fin"	0.787041989185424	0.81	"0.78704"	"ns"	"Wilcoxon"	0.481309440016653	0.266464372694606	0.486707629216686	0.27519838414601	-0.00539818920003321	-0.0196156282559026
"Danio_rerio"	"pectoral_fin"	"eye"	"F"	"Mean_Local_Rank_Log2CV"	"other"	"pectoral_fin"	4.26265403492498e-44	5.2e-43	"< 2e-16"	"****"	"Wilcoxon"	0.683922160379303	0.268354319123474	0.510448986611471	0.276021074685403	0.173473173767832	0.628478002868257
"Danio_rerio"	"pectoral_fin"	"eye"	"M"	"Mean_Local_Rank_Log2CV"	"other"	"pectoral_fin"	2.21090764967175e-40	2.2e-39	"< 2e-16"	"****"	"Wilcoxon"	0.669072616407982	0.274933998936152	0.50386756122516	0.277726830453963	0.165205055182822	0.594847299818974
"Danio_rerio"	"pectoral_fin"	"intestine"	"F"	"Mean_Local_Rank_Log2CV"	"other"	"pectoral_fin"	0.00407908539975041	0.0056	"0.00408"	"**"	"Wilcoxon"	0.4964593709755	0.262471801421704	0.537182515230894	0.281660734879436	-0.0407231442553944	-0.144582255218591
"Danio_rerio"	"pectoral_fin"	"intestine"	"M"	"Mean_Local_Rank_Log2CV"	"other"	"pectoral_fin"	1.26680366798947e-05	2.1e-05	"1.3e-05"	"****"	"Wilcoxon"	0.583028092578906	0.269002044512273	0.517106851695313	0.282308794738198	0.0659212408835923	0.233507570831171
"Danio_rerio"	"pectoral_fin"	"liver"	"F"	"Mean_Local_Rank_Log2CV"	"other"	"pectoral_fin"	0.000714034554680506	0.001	"0.00071"	"***"	"Wilcoxon"	0.441208546318716	0.27308687115145	0.514079060081333	0.280849156247944	-0.0728705137626171	-0.259464955266892
"Danio_rerio"	"pectoral_fin"	"liver"	"M"	"Mean_Local_Rank_Log2CV"	"other"	"pectoral_fin"	0.000383647281306048	0.00058	"0.00038"	"***"	"Wilcoxon"	0.460389766357588	0.269862190093076	0.518678263075722	0.279121202000176	-0.0582884967181339	-0.208828624627724
"Danio_rerio"	"pectoral_fin"	"gills"	"F"	"Mean_Local_Rank_Log2CV"	"other"	"pectoral_fin"	2.30893680426345e-46	3.8e-45	"< 2e-16"	"****"	"Wilcoxon"	0.676096210857884	0.24649687724862	0.503359354943233	0.265029959345354	0.17273685591465	0.651763507572219
"Danio_rerio"	"pectoral_fin"	"gills"	"M"	"Mean_Local_Rank_Log2CV"	"other"	"pectoral_fin"	1.53785888754584e-33	1.1e-32	"< 2e-16"	"****"	"Wilcoxon"	0.648322820136404	0.271709752409696	0.497735439598788	0.273449601690093	0.150587380537616	0.550695190656305
"Danio_rerio"	"pectoral_fin"	"pectoral_fin"	"F"	NA	NA	NA	NA	NA	NA	NA	NA	NA	NA	NA	NA	NA	NA
"Danio_rerio"	"pectoral_fin"	"pectoral_fin"	"M"	NA	NA	NA	NA	NA	NA	NA	NA	NA	NA	NA	NA	NA	NA
"Danio_rerio"	"pectoral_fin"	"ovary"	"F"	"Mean_Local_Rank_Log2CV"	"other"	"pectoral_fin"	0.346312539530093	0.39	"0.34631"	"ns"	"Wilcoxon"	0.509936844010134	0.248591706150465	0.494780964290428	0.278720908801947	0.0151558797197058	0.0543765438511655
"Danio_rerio"	"pectoral_fin"	"ovary"	"M"	NA	NA	NA	NA	NA	NA	NA	NA	NA	NA	NA	NA	NA	NA
"Danio_rerio"	"pectoral_fin"	"testis"	"F"	NA	NA	NA	NA	NA	NA	NA	NA	NA	NA	NA	NA	NA	NA
"Danio_rerio"	"pectoral_fin"	"testis"	"M"	"Mean_Local_Rank_Log2CV"	"other"	"pectoral_fin"	0.121979076050509	0.15	"0.12198"	"ns"	"Wilcoxon"	0.523261630277935	0.27849638309768	0.503695617802677	0.275049285691679	0.019566012475258	0.0711363871607754
"Danio_rerio"	"testis"	"brain"	"F"	"Mean_Local_Rank_Log2CV"	"other"	"testis"	9.84117615399775e-07	1.8e-06	"9.8e-07"	"****"	"Wilcoxon"	0.470553057812277	0.277266222277652	0.511803170325569	0.285188826586556	-0.0412501125132916	-0.144641404808937
"Danio_rerio"	"testis"	"brain"	"M"	"Mean_Local_Rank_Log2CV"	"other"	"testis"	0.198975126279537	0.23	"0.19898"	"ns"	"Wilcoxon"	0.495826667746387	0.275501226477093	0.484548401485523	0.274557554945407	0.0112782662608641	0.0410779672885225
"Danio_rerio"	"testis"	"eye"	"F"	"Mean_Local_Rank_Log2CV"	"other"	"testis"	1.27776865290779e-09	3.2e-09	"1.3e-09"	"****"	"Wilcoxon"	0.473860145210145	0.269078174745293	0.527674235817957	0.279331836264997	-0.0538140906078121	-0.19265290819468
"Danio_rerio"	"testis"	"eye"	"M"	"Mean_Local_Rank_Log2CV"	"other"	"testis"	1.68598137054019e-11	4.9e-11	"1.7e-11"	"****"	"Wilcoxon"	0.462988056336624	0.269792584687129	0.521375350830998	0.281054407921183	-0.0583872944943734	-0.207743742310375
"Danio_rerio"	"testis"	"intestine"	"F"	"Mean_Local_Rank_Log2CV"	"other"	"testis"	7.44954996242385e-07	1.4e-06	"7.4e-07"	"****"	"Wilcoxon"	0.494456939757243	0.275558566636915	0.541346992797408	0.281165043844664	-0.0468900530401645	-0.166770564359594
"Danio_rerio"	"testis"	"intestine"	"M"	"Mean_Local_Rank_Log2CV"	"other"	"testis"	0.000412277323338273	0.00061	"0.00041"	"***"	"Wilcoxon"	0.489658076777351	0.272242453824174	0.524949583719314	0.283113678552408	-0.0352915069419637	-0.12465489877569
"Danio_rerio"	"testis"	"liver"	"F"	"Mean_Local_Rank_Log2CV"	"other"	"testis"	0.542303214771432	0.58	"0.54230"	"ns"	"Wilcoxon"	0.502338445681303	0.272274276592091	0.511630800469418	0.281852190398572	-0.00929235478811541	-0.0329688932875594
"Danio_rerio"	"testis"	"liver"	"M"	"Mean_Local_Rank_Log2CV"	"other"	"testis"	0.588621814896907	0.63	"0.58862"	"ns"	"Wilcoxon"	0.51196107266436	0.259870370904305	0.516539966396	0.281831647911624	-0.00457889373163978	-0.0162469111101235
"Danio_rerio"	"testis"	"gills"	"F"	"Mean_Local_Rank_Log2CV"	"other"	"testis"	2.67305703535217e-11	7.5e-11	"2.7e-11"	"****"	"Wilcoxon"	0.464163515406162	0.262159046165953	0.521954688468483	0.267157887720995	-0.0577911730623206	-0.216318423368711
"Danio_rerio"	"testis"	"gills"	"M"	"Mean_Local_Rank_Log2CV"	"other"	"testis"	0.000116995597759623	0.00018	"0.00012"	"***"	"Wilcoxon"	0.477929473150963	0.274507542626789	0.511621921126063	0.275626177355569	-0.0336924479751001	-0.122239651902277
"Danio_rerio"	"testis"	"pectoral_fin"	"F"	"Mean_Local_Rank_Log2CV"	"other"	"testis"	7.9337945207604e-13	2.7e-12	"7.9e-13"	"****"	"Wilcoxon"	0.465757178345593	0.26765501689126	0.53311620909377	0.278821717841984	-0.0673590307481767	-0.241584591291956
"Danio_rerio"	"testis"	"pectoral_fin"	"M"	"Mean_Local_Rank_Log2CV"	"other"	"testis"	8.67794269050407e-13	2.8e-12	"8.7e-13"	"****"	"Wilcoxon"	0.460182326339264	0.269277232245588	0.526362531845838	0.28260446564027	-0.0661802055065738	-0.234179616930807
"Danio_rerio"	"testis"	"ovary"	"F"	"Mean_Local_Rank_Log2CV"	"other"	"testis"	0.702990820734428	0.73	"0.70299"	"ns"	"Wilcoxon"	0.498282733025522	0.282035725203074	0.494761359516228	0.275545189042318	0.00352137350929305	0.0127796588339354
"Danio_rerio"	"testis"	"ovary"	"M"	NA	NA	NA	NA	NA	NA	NA	NA	NA	NA	NA	NA	NA	NA
"Danio_rerio"	"testis"	"testis"	"F"	NA	NA	NA	NA	NA	NA	NA	NA	NA	NA	NA	NA	NA	NA
"Danio_rerio"	"testis"	"testis"	"M"	NA	NA	NA	NA	NA	NA	NA	NA	NA	NA	NA	NA	NA	NA
"Esox_lucius"	"brain"	"brain"	"F"	NA	NA	NA	NA	NA	NA	NA	NA	NA	NA	NA	NA	NA	NA
"Esox_lucius"	"brain"	"brain"	"M"	NA	NA	NA	NA	NA	NA	NA	NA	NA	NA	NA	NA	NA	NA
"Esox_lucius"	"brain"	"eye"	"F"	"Mean_Local_Rank_Log2CV"	"other"	"brain"	0.000580492815049432	0.0013	"0.00058"	"***"	"Wilcoxon"	0.562344322344322	0.26489372823878	0.52753048098434	0.264333034423894	0.0348138413599822	0.131704466813457
"Esox_lucius"	"brain"	"eye"	"M"	"Mean_Local_Rank_Log2CV"	"other"	"brain"	0.00622576172564615	0.012	"0.00623"	"**"	"Wilcoxon"	0.506072968490879	0.249959971970546	0.53007581682308	0.261541018299631	-0.0240028483322007	-0.0917746993884614
"Esox_lucius"	"brain"	"intestine"	"F"	"Mean_Local_Rank_Log2CV"	"other"	"brain"	0.00079215605277229	0.0017	"0.00079"	"***"	"Wilcoxon"	0.480531605275125	0.260624167151945	0.517330701811975	0.275181309439312	-0.0367990965368498	-0.133726729521815
"Esox_lucius"	"brain"	"intestine"	"M"	"Mean_Local_Rank_Log2CV"	"other"	"brain"	0.00125671755602551	0.0027	"0.00126"	"**"	"Wilcoxon"	0.479980979553019	0.250237001191222	0.51472037284402	0.273189256469253	-0.034739393291	-0.127162369926176
"Esox_lucius"	"brain"	"liver"	"F"	"Mean_Local_Rank_Log2CV"	"other"	"brain"	0.54763531038273	0.61	"0.54764"	"ns"	"Wilcoxon"	0.495746421267894	0.258149171094768	0.503776254988448	0.248445689277344	-0.00802983372055416	-0.0323202779002148
"Esox_lucius"	"brain"	"liver"	"M"	"Mean_Local_Rank_Log2CV"	"other"	"brain"	2.1223281227346e-09	1e-08	"2.1e-09"	"****"	"Wilcoxon"	0.462088490770901	0.262461312089344	0.533954402415088	0.280748508539438	-0.0718659116441867	-0.255979673830009
"Esox_lucius"	"brain"	"heart"	"F"	"Mean_Local_Rank_Log2CV"	"other"	"brain"	3.43015658562292e-05	9.9e-05	"3.4e-05"	"****"	"Wilcoxon"	0.483488408914381	0.266197204868305	0.52712205955956	0.281310136866381	-0.0436336506451783	-0.155108703622379
"Esox_lucius"	"brain"	"heart"	"M"	"Mean_Local_Rank_Log2CV"	"other"	"brain"	0.0389104450150435	0.062	"0.03891"	"*"	"Wilcoxon"	0.506324495668121	0.265525916487136	0.528320686945164	0.28279784020588	-0.0219961912770428	-0.0777806197566054
"Esox_lucius"	"brain"	"muscle"	"F"	"Mean_Local_Rank_Log2CV"	"other"	"brain"	0.000333878696073515	8e-04	"0.00033"	"***"	"Wilcoxon"	0.495985978835979	0.256423471471341	0.540405789825971	0.276366338254807	-0.0444198109899917	-0.160728007869891
"Esox_lucius"	"brain"	"muscle"	"M"	"Mean_Local_Rank_Log2CV"	"other"	"brain"	0.631143361619561	0.68	"0.63114"	"ns"	"Wilcoxon"	0.524780451369737	0.268109212569479	0.530370127217554	0.27817440406044	-0.00558967584781667	-0.0200941415393567
"Esox_lucius"	"brain"	"gills"	"F"	"Mean_Local_Rank_Log2CV"	"other"	"brain"	0.00769467873942372	0.015	"0.00769"	"**"	"Wilcoxon"	0.484918394245796	0.27022597055564	0.512774833844702	0.276226964830069	-0.0278564395989059	-0.10084619948687
"Esox_lucius"	"brain"	"gills"	"M"	"Mean_Local_Rank_Log2CV"	"other"	"brain"	0.000451645884570869	0.001	"0.00045"	"***"	"Wilcoxon"	0.489193433625523	0.270885137556606	0.522534396359435	0.277659943554274	-0.0333409627339122	-0.120078403485648
"Esox_lucius"	"brain"	"pectoral_fin"	"F"	"Mean_Local_Rank_Log2CV"	"other"	"brain"	1.41041155292612e-12	1e-11	"1.4e-12"	"****"	"Wilcoxon"	0.468048907520325	0.263630344232899	0.549307848826508	0.283162380952508	-0.0812589413061827	-0.286969409682324
"Esox_lucius"	"brain"	"pectoral_fin"	"M"	"Mean_Local_Rank_Log2CV"	"other"	"brain"	2.72085027007816e-07	1e-06	"2.7e-07"	"****"	"Wilcoxon"	0.483792395017079	0.261786062039897	0.540357969642778	0.283940074702597	-0.0565655746256993	-0.199216594152646
"Esox_lucius"	"brain"	"ovary"	"F"	"Mean_Local_Rank_Log2CV"	"other"	"brain"	0.000265615882909287	0.00066	"0.00027"	"***"	"Wilcoxon"	0.502101541994751	0.272814581025275	0.537725793549795	0.274475741488039	-0.0356242515550439	-0.129790164194151
"Esox_lucius"	"brain"	"ovary"	"M"	NA	NA	NA	NA	NA	NA	NA	NA	NA	NA	NA	NA	NA	NA
"Esox_lucius"	"brain"	"testis"	"F"	NA	NA	NA	NA	NA	NA	NA	NA	NA	NA	NA	NA	NA	NA
"Esox_lucius"	"brain"	"testis"	"M"	"Mean_Local_Rank_Log2CV"	"other"	"brain"	0.626847876499151	0.68	"0.62685"	"ns"	"Wilcoxon"	0.511212481146305	0.256753954567766	0.517159274786702	0.258465571056569	-0.0059467936403973	-0.0230080687965043
"Esox_lucius"	"eye"	"brain"	"F"	"Mean_Local_Rank_Log2CV"	"other"	"eye"	7.62384334769391e-18	7.3e-17	"< 2e-16"	"****"	"Wilcoxon"	0.626781481481481	0.278838257604162	0.483918065232207	0.27255014329228	0.142863416249275	0.524172963270357
"Esox_lucius"	"eye"	"brain"	"M"	"Mean_Local_Rank_Log2CV"	"other"	"eye"	5.17828556331258e-10	2.7e-09	"5.2e-10"	"****"	"Wilcoxon"	0.601906179138322	0.286937072557758	0.507650437572501	0.277875115943988	0.0942557415658215	0.339201807422082
"Esox_lucius"	"eye"	"eye"	"F"	NA	NA	NA	NA	NA	NA	NA	NA	NA	NA	NA	NA	NA	NA
"Esox_lucius"	"eye"	"eye"	"M"	NA	NA	NA	NA	NA	NA	NA	NA	NA	NA	NA	NA	NA	NA
"Esox_lucius"	"eye"	"intestine"	"F"	"Mean_Local_Rank_Log2CV"	"other"	"eye"	0.000104742056148513	0.00028	"0.00010"	"***"	"Wilcoxon"	0.586924121590384	0.291575315614641	0.508863806498209	0.272196767196337	0.0780603150921747	0.286778994093891
"Esox_lucius"	"eye"	"intestine"	"M"	"Mean_Local_Rank_Log2CV"	"other"	"eye"	2.43017134335759e-10	1.4e-09	"2.4e-10"	"****"	"Wilcoxon"	0.632940162907268	0.285768058414701	0.504487788186313	0.268333640718977	0.128452374720955	0.478703953692792
"Esox_lucius"	"eye"	"liver"	"F"	"Mean_Local_Rank_Log2CV"	"other"	"eye"	3.61513742242336e-07	1.3e-06	"3.6e-07"	"****"	"Wilcoxon"	0.613848600508906	0.29471711516342	0.49858201208003	0.247005598170116	0.115266588428876	0.466655773321745
"Esox_lucius"	"eye"	"liver"	"M"	"Mean_Local_Rank_Log2CV"	"other"	"eye"	7.94652544392227e-11	4.6e-10	"7.9e-11"	"****"	"Wilcoxon"	0.665634147598433	0.297630936589689	0.518546663059163	0.277285915607836	0.14708748453927	0.530454221653636
"Esox_lucius"	"eye"	"heart"	"F"	"Mean_Local_Rank_Log2CV"	"other"	"eye"	2.48095830965842e-08	1.1e-07	"2.5e-08"	"****"	"Wilcoxon"	0.624935259706386	0.296739278531634	0.516053144114599	0.277887653784254	0.108882115591787	0.391820630060525
"Esox_lucius"	"eye"	"heart"	"M"	"Mean_Local_Rank_Log2CV"	"other"	"eye"	2.04383228090207e-09	1e-08	"2.0e-09"	"****"	"Wilcoxon"	0.638957893502228	0.304432120182619	0.520278130275193	0.278344472363899	0.118679763227035	0.426377295080165
"Esox_lucius"	"eye"	"muscle"	"F"	"Mean_Local_Rank_Log2CV"	"other"	"eye"	6.85704798893443e-08	2.7e-07	"6.9e-08"	"****"	"Wilcoxon"	0.652907993197279	0.293022814866394	0.528677039410806	0.271941271470976	0.124230953786473	0.45683008362242
"Esox_lucius"	"eye"	"muscle"	"M"	"Mean_Local_Rank_Log2CV"	"other"	"eye"	4.11160265119749e-10	2.2e-09	"4.1e-10"	"****"	"Wilcoxon"	0.668128243021346	0.302949209818245	0.523287321741952	0.273789131143126	0.144840921279395	0.52902363462952
"Esox_lucius"	"eye"	"gills"	"F"	"Mean_Local_Rank_Log2CV"	"other"	"eye"	4.25077276788673e-08	1.7e-07	"4.3e-08"	"****"	"Wilcoxon"	0.607147949451598	0.29905677534281	0.50468806263391	0.273770087247964	0.102459886817687	0.374255229443258
"Esox_lucius"	"eye"	"gills"	"M"	"Mean_Local_Rank_Log2CV"	"other"	"eye"	1.84993554202765e-07	7e-07	"1.8e-07"	"****"	"Wilcoxon"	0.602564463314463	0.275911731491259	0.513825893163524	0.276360613388271	0.0887385701509389	0.321097022701517
"Esox_lucius"	"eye"	"pectoral_fin"	"F"	"Mean_Local_Rank_Log2CV"	"other"	"eye"	1.00959216735773e-11	6.5e-11	"1.0e-11"	"****"	"Wilcoxon"	0.66406256490135	0.281440229872507	0.534290804518529	0.280958832385084	0.129771760382821	0.461888879880292
"Esox_lucius"	"eye"	"pectoral_fin"	"M"	"Mean_Local_Rank_Log2CV"	"other"	"eye"	1.47169843124831e-05	4.4e-05	"1.5e-05"	"****"	"Wilcoxon"	0.608856241768906	0.311565017855573	0.530171339198945	0.280158851329903	0.0786849025699606	0.280858170985662
"Esox_lucius"	"eye"	"ovary"	"F"	"Mean_Local_Rank_Log2CV"	"other"	"eye"	0.116875758109357	0.16	"0.11688"	"ns"	"Wilcoxon"	0.555496956677408	0.297304244333693	0.528980042540632	0.273095989932822	0.0265169141367755	0.0970974130498888
"Esox_lucius"	"eye"	"ovary"	"M"	NA	NA	NA	NA	NA	NA	NA	NA	NA	NA	NA	NA	NA	NA
"Esox_lucius"	"eye"	"testis"	"F"	NA	NA	NA	NA	NA	NA	NA	NA	NA	NA	NA	NA	NA	NA
"Esox_lucius"	"eye"	"testis"	"M"	"Mean_Local_Rank_Log2CV"	"other"	"eye"	0.000187964933759365	5e-04	"0.00019"	"***"	"Wilcoxon"	0.584678104575163	0.290104066373875	0.513507930416986	0.256501657107994	0.0711701741581771	0.277464773368745
"Esox_lucius"	"gills"	"brain"	"F"	"Mean_Local_Rank_Log2CV"	"other"	"gills"	0.930907155744836	0.94	"0.93091"	"ns"	"Wilcoxon"	0.490594971931862	0.258504517642409	0.492509899096417	0.276685825007426	-0.00191492716455449	-0.00692094423161395
"Esox_lucius"	"gills"	"brain"	"M"	"Mean_Local_Rank_Log2CV"	"other"	"gills"	1.31341685682755e-22	1.6e-21	"< 2e-16"	"****"	"Wilcoxon"	0.621029932950192	0.27315901841921	0.501589343452419	0.277510689390387	0.119440589497772	0.430399959584079
"Esox_lucius"	"gills"	"eye"	"F"	"Mean_Local_Rank_Log2CV"	"other"	"gills"	0.958934120365943	0.96	"0.95893"	"ns"	"Wilcoxon"	0.533362145390071	0.260418238503814	0.534079331508667	0.265188717945244	-0.00071718611859628	-0.00270443676545985
"Esox_lucius"	"gills"	"eye"	"M"	"Mean_Local_Rank_Log2CV"	"other"	"gills"	0.59354071438345	0.65	"0.59354"	"ns"	"Wilcoxon"	0.517887185534591	0.254997480729106	0.525784469096672	0.259767422561521	-0.00789728356208075	-0.0304013624349313
"Esox_lucius"	"gills"	"intestine"	"F"	"Mean_Local_Rank_Log2CV"	"other"	"gills"	0.000405008351840111	0.00095	"0.00041"	"***"	"Wilcoxon"	0.549360753968254	0.26791991999634	0.507031533683708	0.273781428588619	0.0423292202845464	0.15460953835605
"Esox_lucius"	"gills"	"intestine"	"M"	"Mean_Local_Rank_Log2CV"	"other"	"gills"	0.08446829561793	0.13	"0.08447"	"ns"	"Wilcoxon"	0.527321532452423	0.277211494641161	0.507188698427844	0.269159848272511	0.0201328340245781	0.0747988013583459
"Esox_lucius"	"gills"	"liver"	"F"	"Mean_Local_Rank_Log2CV"	"other"	"gills"	0.0196852418234901	0.035	"0.01969"	"*"	"Wilcoxon"	0.530101851851852	0.249332770326482	0.49971818548794	0.249642268475785	0.0303836663639116	0.121708821784957
"Esox_lucius"	"gills"	"liver"	"M"	"Mean_Local_Rank_Log2CV"	"other"	"gills"	0.00779353872672689	0.015	"0.00779"	"**"	"Wilcoxon"	0.490100932492776	0.267748697195755	0.527414987438766	0.280342832659214	-0.03731405494599	-0.133101512145128
"Esox_lucius"	"gills"	"heart"	"F"	"Mean_Local_Rank_Log2CV"	"other"	"gills"	0.182420703299327	0.24	"0.18242"	"ns"	"Wilcoxon"	0.536159698601663	0.273406527346538	0.518812110343116	0.280093613473702	0.0173475882585469	0.061934965397473
"Esox_lucius"	"gills"	"heart"	"M"	"Mean_Local_Rank_Log2CV"	"other"	"gills"	0.00134639120142738	0.0028	"0.00135"	"**"	"Wilcoxon"	0.564745567375887	0.270866821957521	0.520974378148206	0.281045001291496	0.0437711892276808	0.155744414689952
"Esox_lucius"	"gills"	"muscle"	"F"	"Mean_Local_Rank_Log2CV"	"other"	"gills"	3.58592949802341e-08	1.5e-07	"3.6e-08"	"****"	"Wilcoxon"	0.453180536292187	0.246246986780432	0.541327164603027	0.275145272350876	-0.0881466283108399	-0.320363957402226
"Esox_lucius"	"gills"	"muscle"	"M"	"Mean_Local_Rank_Log2CV"	"other"	"gills"	8.0529801302414e-07	2.8e-06	"8.1e-07"	"****"	"Wilcoxon"	0.454206308713962	0.251140136393594	0.536700228045764	0.277904172960753	-0.082493919331802	-0.296843039285532
"Esox_lucius"	"gills"	"gills"	"F"	NA	NA	NA	NA	NA	NA	NA	NA	NA	NA	NA	NA	NA	NA
"Esox_lucius"	"gills"	"gills"	"M"	NA	NA	NA	NA	NA	NA	NA	NA	NA	NA	NA	NA	NA	NA
"Esox_lucius"	"gills"	"pectoral_fin"	"F"	"Mean_Local_Rank_Log2CV"	"other"	"gills"	9.4787808073529e-05	0.00026	"9.5e-05"	"****"	"Wilcoxon"	0.580083269516384	0.265783656811709	0.533537699675133	0.28392234263595	0.0465455698412501	0.163937678905853
"Esox_lucius"	"gills"	"pectoral_fin"	"M"	"Mean_Local_Rank_Log2CV"	"other"	"gills"	5.7510153050461e-05	0.00016	"5.8e-05"	"****"	"Wilcoxon"	0.572507705295307	0.271598517830619	0.527515103912623	0.282933673476998	0.0449926013826835	0.159021726999707
"Esox_lucius"	"gills"	"ovary"	"F"	"Mean_Local_Rank_Log2CV"	"other"	"gills"	0.066273336454723	0.1	"0.06627"	"ns"	"Wilcoxon"	0.509239117732983	0.2673427730861	0.532729326964179	0.275188172306504	-0.023490209231196	-0.0853605336098265
"Esox_lucius"	"gills"	"ovary"	"M"	NA	NA	NA	NA	NA	NA	NA	NA	NA	NA	NA	NA	NA	NA
"Esox_lucius"	"gills"	"testis"	"F"	NA	NA	NA	NA	NA	NA	NA	NA	NA	NA	NA	NA	NA	NA
"Esox_lucius"	"gills"	"testis"	"M"	"Mean_Local_Rank_Log2CV"	"other"	"gills"	0.689894805695924	0.73	"0.68989"	"ns"	"Wilcoxon"	0.511165165165165	0.259197312727688	0.516637235183695	0.25810241536898	-0.00547207001853012	-0.0212011577292189
"Esox_lucius"	"heart"	"brain"	"F"	"Mean_Local_Rank_Log2CV"	"other"	"heart"	0.0337983127722211	0.056	"0.03380"	"*"	"Wilcoxon"	0.519388349514563	0.256126256680128	0.489945651179806	0.276453499785352	0.029442698334757	0.106501449095842
"Esox_lucius"	"heart"	"brain"	"M"	"Mean_Local_Rank_Log2CV"	"other"	"heart"	0.277918868896048	0.35	"0.27792"	"ns"	"Wilcoxon"	0.499620525988173	0.278628945719616	0.514805770782889	0.2794292212301	-0.0151852447947164	-0.0543437967148467
"Esox_lucius"	"heart"	"eye"	"F"	"Mean_Local_Rank_Log2CV"	"other"	"heart"	0.000925375789765539	0.002	"0.00093"	"***"	"Wilcoxon"	0.582317358892439	0.255902511444607	0.53031447003103	0.265088671932065	0.0520028888614082	0.196171675245086
"Esox_lucius"	"heart"	"eye"	"M"	"Mean_Local_Rank_Log2CV"	"other"	"heart"	0.00206633559188676	0.0042	"0.00207"	"**"	"Wilcoxon"	0.566683098591549	0.260822818502118	0.521801530688067	0.258962928250333	0.0448815679034827	0.17331271393447
"Esox_lucius"	"heart"	"intestine"	"F"	"Mean_Local_Rank_Log2CV"	"other"	"heart"	0.101440869807657	0.15	"0.10144"	"ns"	"Wilcoxon"	0.53418013952893	0.277748994179148	0.510277502450163	0.273019723834364	0.0239026370787667	0.0875491218842051
"Esox_lucius"	"heart"	"intestine"	"M"	"Mean_Local_Rank_Log2CV"	"other"	"heart"	0.0377322940848604	0.061	"0.03773"	"*"	"Wilcoxon"	0.537892072213501	0.252509799545547	0.507270517523074	0.271496391741404	0.030621554690427	0.112788072408688
"Esox_lucius"	"heart"	"liver"	"F"	"Mean_Local_Rank_Log2CV"	"other"	"heart"	0.0141004624327463	0.026	"0.01410"	"*"	"Wilcoxon"	0.534989350372737	0.23786584297103	0.499687810945274	0.250644221069573	0.0353015394274633	0.140843221027883
"Esox_lucius"	"heart"	"liver"	"M"	"Mean_Local_Rank_Log2CV"	"other"	"heart"	0.415032270896672	0.49	"0.41503"	"ns"	"Wilcoxon"	0.535615740740741	0.27250053060876	0.522700312946853	0.279947477221441	0.0129154277938878	0.0461351819351154
"Esox_lucius"	"heart"	"heart"	"F"	NA	NA	NA	NA	NA	NA	NA	NA	NA	NA	NA	NA	NA	NA
"Esox_lucius"	"heart"	"heart"	"M"	NA	NA	NA	NA	NA	NA	NA	NA	NA	NA	NA	NA	NA	NA
"Esox_lucius"	"heart"	"muscle"	"F"	"Mean_Local_Rank_Log2CV"	"other"	"heart"	0.070842147540934	0.11	"0.07084"	"ns"	"Wilcoxon"	0.560668769716088	0.26296420643654	0.530935200427103	0.274786168538423	0.0297335692889851	0.108206207929376
"Esox_lucius"	"heart"	"muscle"	"M"	"Mean_Local_Rank_Log2CV"	"other"	"heart"	0.102666588762509	0.15	"0.10267"	"ns"	"Wilcoxon"	0.553975434618292	0.264334937663865	0.52699283924096	0.277774777825489	0.0269825953773323	0.0971383924363499
"Esox_lucius"	"heart"	"gills"	"F"	"Mean_Local_Rank_Log2CV"	"other"	"heart"	0.000224845157177513	0.00059	"0.00022"	"***"	"Wilcoxon"	0.555327131233882	0.273564812914887	0.505009871205664	0.275361363329191	0.050317260028218	0.182731736289613
"Esox_lucius"	"heart"	"gills"	"M"	"Mean_Local_Rank_Log2CV"	"other"	"heart"	0.000102105021660704	0.00028	"0.00010"	"***"	"Wilcoxon"	0.564021897986837	0.276132691083615	0.513934792157161	0.276650087690657	0.0500871058296765	0.181048581071417
"Esox_lucius"	"heart"	"pectoral_fin"	"F"	"Mean_Local_Rank_Log2CV"	"other"	"heart"	8.57103397666295e-06	2.7e-05	"8.6e-06"	"****"	"Wilcoxon"	0.60317410982411	0.264653568493232	0.534745036723512	0.282789008873953	0.0684290731005982	0.241979252917496
"Esox_lucius"	"heart"	"pectoral_fin"	"M"	"Mean_Local_Rank_Log2CV"	"other"	"heart"	0.00279728340467414	0.0056	"0.00280"	"**"	"Wilcoxon"	0.574098953915748	0.277828767033883	0.530313204357626	0.281965596006752	0.043785749558122	0.155287560533
"Esox_lucius"	"heart"	"ovary"	"F"	"Mean_Local_Rank_Log2CV"	"other"	"heart"	0.0325793100774531	0.056	"0.03258"	"*"	"Wilcoxon"	0.559602559370001	0.260788906168469	0.527927516245638	0.275501846397743	0.031675043124363	0.114972162758697
"Esox_lucius"	"heart"	"ovary"	"M"	NA	NA	NA	NA	NA	NA	NA	NA	NA	NA	NA	NA	NA	NA
"Esox_lucius"	"heart"	"testis"	"F"	NA	NA	NA	NA	NA	NA	NA	NA	NA	NA	NA	NA	NA	NA
"Esox_lucius"	"heart"	"testis"	"M"	"Mean_Local_Rank_Log2CV"	"other"	"heart"	0.578581744092491	0.64	"0.57858"	"ns"	"Wilcoxon"	0.507054054054054	0.257059963789619	0.516858435724666	0.258266764780495	-0.00980438167061237	-0.0379622274625436
"Esox_lucius"	"intestine"	"brain"	"F"	"Mean_Local_Rank_Log2CV"	"other"	"intestine"	0.131392799591026	0.18	"0.13139"	"ns"	"Wilcoxon"	0.507609250992063	0.274859321852319	0.490130866037158	0.274935515660211	0.0174783849549053	0.0635726705330665
"Esox_lucius"	"intestine"	"brain"	"M"	"Mean_Local_Rank_Log2CV"	"other"	"intestine"	0.320302955396122	0.39	"0.32030"	"ns"	"Wilcoxon"	0.523054776175108	0.274475232941606	0.512242540846435	0.280066968451906	0.010812235328673	0.0386058926850196
"Esox_lucius"	"intestine"	"eye"	"F"	"Mean_Local_Rank_Log2CV"	"other"	"intestine"	0.42528191204396	0.5	"0.42528"	"ns"	"Wilcoxon"	0.543412732474964	0.264626806293957	0.532903707474336	0.264781521510471	0.0105090250006281	0.0396894199439538
"Esox_lucius"	"intestine"	"eye"	"M"	"Mean_Local_Rank_Log2CV"	"other"	"intestine"	0.80610978325976	0.83	"0.80611"	"ns"	"Wilcoxon"	0.521345825115056	0.259301687685807	0.525531110598369	0.259367259025541	-0.00418528548331354	-0.0161365220075885
"Esox_lucius"	"intestine"	"intestine"	"F"	NA	NA	NA	NA	NA	NA	NA	NA	NA	NA	NA	NA	NA	NA
"Esox_lucius"	"intestine"	"intestine"	"M"	NA	NA	NA	NA	NA	NA	NA	NA	NA	NA	NA	NA	NA	NA
"Esox_lucius"	"intestine"	"liver"	"F"	"Mean_Local_Rank_Log2CV"	"other"	"intestine"	0.781873537203821	0.81	"0.78187"	"ns"	"Wilcoxon"	0.506057126030624	0.249394249367869	0.502091540200194	0.249840562472957	0.0039655858304305	0.0158724659886232
"Esox_lucius"	"intestine"	"liver"	"M"	"Mean_Local_Rank_Log2CV"	"other"	"intestine"	4.78015462044602e-12	3.4e-11	"4.8e-12"	"****"	"Wilcoxon"	0.594273884989812	0.276140263694812	0.511759624328622	0.278128108573993	0.0825142606611896	0.296677171840895
"Esox_lucius"	"intestine"	"heart"	"F"	"Mean_Local_Rank_Log2CV"	"other"	"intestine"	0.0821122533310266	0.13	"0.08211"	"ns"	"Wilcoxon"	0.538874244751664	0.284095018445967	0.518011733723884	0.278791191177123	0.0208625110277797	0.0748320308819414
"Esox_lucius"	"intestine"	"heart"	"M"	"Mean_Local_Rank_Log2CV"	"other"	"intestine"	0.244406783470547	0.31	"0.24441"	"ns"	"Wilcoxon"	0.537921532746662	0.278818987021575	0.523378322836433	0.280565166211323	0.0145432099102296	0.0518354081749251
"Esox_lucius"	"intestine"	"muscle"	"F"	"Mean_Local_Rank_Log2CV"	"other"	"intestine"	0.700486439429196	0.74	"0.70049"	"ns"	"Wilcoxon"	0.528732215624636	0.272021591389153	0.534246057191713	0.274115375877931	-0.00551384156707668	-0.0201150393312198
"Esox_lucius"	"intestine"	"muscle"	"M"	"Mean_Local_Rank_Log2CV"	"other"	"intestine"	0.123471040561178	0.17	"0.12347"	"ns"	"Wilcoxon"	0.550084495539641	0.277378946320744	0.526908625486923	0.276462562602301	0.023175870052718	0.0838300485771638
"Esox_lucius"	"intestine"	"gills"	"F"	"Mean_Local_Rank_Log2CV"	"other"	"intestine"	0.00033003369305114	8e-04	"0.00033"	"***"	"Wilcoxon"	0.541866046980833	0.277704273946497	0.503745865524184	0.274869204954758	0.0381201814566489	0.138684802697062
"Esox_lucius"	"intestine"	"gills"	"M"	"Mean_Local_Rank_Log2CV"	"other"	"intestine"	0.0360475887682396	0.059	"0.03605"	"*"	"Wilcoxon"	0.53503091475473	0.278761644642574	0.514875641494856	0.276533508612191	0.0201552732598737	0.0728854646260582
"Esox_lucius"	"intestine"	"pectoral_fin"	"F"	"Mean_Local_Rank_Log2CV"	"other"	"intestine"	0.881870376743272	0.9	"0.88187"	"ns"	"Wilcoxon"	0.540837283384302	0.28207774460626	0.539241228026159	0.282121539109186	0.00159605535814222	0.0056573325212313
"Esox_lucius"	"intestine"	"pectoral_fin"	"M"	"Mean_Local_Rank_Log2CV"	"other"	"intestine"	0.0183344361533043	0.033	"0.01833"	"*"	"Wilcoxon"	0.557082809546583	0.280435692065316	0.530024237178271	0.2819460317702	0.0270585723683118	0.095970750850524
"Esox_lucius"	"intestine"	"ovary"	"F"	"Mean_Local_Rank_Log2CV"	"other"	"intestine"	0.508597863918904	0.57	"0.50860"	"ns"	"Wilcoxon"	0.524720068993507	0.267832894793033	0.531350360988536	0.275593823107856	-0.0066302919950294	-0.0240582024671669
"Esox_lucius"	"intestine"	"ovary"	"M"	NA	NA	NA	NA	NA	NA	NA	NA	NA	NA	NA	NA	NA	NA
"Esox_lucius"	"intestine"	"testis"	"F"	NA	NA	NA	NA	NA	NA	NA	NA	NA	NA	NA	NA	NA	NA
"Esox_lucius"	"intestine"	"testis"	"M"	"Mean_Local_Rank_Log2CV"	"other"	"intestine"	0.139377390721596	0.19	"0.13938"	"ns"	"Wilcoxon"	0.502795138888889	0.247677404896238	0.517782575757576	0.259372085828282	-0.0149874368686869	-0.0577835383511907
"Esox_lucius"	"liver"	"brain"	"F"	"Mean_Local_Rank_Log2CV"	"other"	"liver"	0.399578663815528	0.48	"0.39958"	"ns"	"Wilcoxon"	0.484176824471285	0.274846527953317	0.493592026255954	0.274987083018209	-0.00941520178466904	-0.0342387056196584
"Esox_lucius"	"liver"	"brain"	"M"	"Mean_Local_Rank_Log2CV"	"other"	"liver"	0.000446930904597972	0.001	"0.00045"	"***"	"Wilcoxon"	0.480448623215865	0.280976182420433	0.518581495988226	0.278817219364997	-0.0381328727723612	-0.136766562908877
"Esox_lucius"	"liver"	"eye"	"F"	"Mean_Local_Rank_Log2CV"	"other"	"liver"	0.0310764239640406	0.054	"0.03108"	"*"	"Wilcoxon"	0.555818813131313	0.276519486963368	0.531041289544005	0.263004570979522	0.0247775235873082	0.0942094789266512
"Esox_lucius"	"liver"	"eye"	"M"	"Mean_Local_Rank_Log2CV"	"other"	"liver"	0.102215952261125	0.15	"0.10222"	"ns"	"Wilcoxon"	0.508150147492625	0.252166809874814	0.527331462425943	0.260215665159036	-0.0191813149333179	-0.0737131445241577
"Esox_lucius"	"liver"	"intestine"	"F"	"Mean_Local_Rank_Log2CV"	"other"	"liver"	0.000240342827883929	0.00061	"0.00024"	"***"	"Wilcoxon"	0.546552981844027	0.277755879877895	0.506173719717878	0.272267072050198	0.0403792621261487	0.148307548988898
"Esox_lucius"	"liver"	"intestine"	"M"	"Mean_Local_Rank_Log2CV"	"other"	"liver"	1.03047287019492e-05	3.1e-05	"1.0e-05"	"****"	"Wilcoxon"	0.551233568075117	0.273155403362622	0.502321683988022	0.269040168280465	0.0489118840870956	0.18180141798048
"Esox_lucius"	"liver"	"liver"	"F"	NA	NA	NA	NA	NA	NA	NA	NA	NA	NA	NA	NA	NA	NA
"Esox_lucius"	"liver"	"liver"	"M"	NA	NA	NA	NA	NA	NA	NA	NA	NA	NA	NA	NA	NA	NA
"Esox_lucius"	"liver"	"heart"	"F"	"Mean_Local_Rank_Log2CV"	"other"	"liver"	7.63871298422878e-06	2.4e-05	"7.6e-06"	"****"	"Wilcoxon"	0.564177615571776	0.284043907479694	0.513906093954864	0.278222741447687	0.0502715216169124	0.18068803921395
"Esox_lucius"	"liver"	"heart"	"M"	"Mean_Local_Rank_Log2CV"	"other"	"liver"	0.107088970271851	0.15	"0.10709"	"ns"	"Wilcoxon"	0.541263090471424	0.281860647123142	0.52258298524088	0.280100792350521	0.0186801052305439	0.0666906547239159
"Esox_lucius"	"liver"	"muscle"	"F"	"Mean_Local_Rank_Log2CV"	"other"	"liver"	2.48254293922182e-54	4e-52	"< 2e-16"	"****"	"Wilcoxon"	0.691280282610471	0.261017914553916	0.502393386692538	0.265466144405396	0.188886895917934	0.711529134312068
"Esox_lucius"	"liver"	"muscle"	"M"	"Mean_Local_Rank_Log2CV"	"other"	"liver"	1.65967829877084e-09	8.4e-09	"1.7e-09"	"****"	"Wilcoxon"	0.592408622908623	0.281922778590055	0.517128971773172	0.273919403466902	0.0752796511354511	0.274824091257001
"Esox_lucius"	"liver"	"gills"	"F"	"Mean_Local_Rank_Log2CV"	"other"	"liver"	0.0974143398388136	0.14	"0.09741"	"ns"	"Wilcoxon"	0.524571880113045	0.281877454064128	0.506453563117685	0.274532268726321	0.0181183169953595	0.0659970395444533
"Esox_lucius"	"liver"	"gills"	"M"	"Mean_Local_Rank_Log2CV"	"other"	"liver"	0.0268718101994464	0.047	"0.02687"	"*"	"Wilcoxon"	0.537655363155363	0.274784181747497	0.514789328959364	0.277098258151376	0.0228660341959988	0.0825195883530501
"Esox_lucius"	"liver"	"pectoral_fin"	"F"	"Mean_Local_Rank_Log2CV"	"other"	"liver"	0.00823334644078976	0.016	"0.00823"	"**"	"Wilcoxon"	0.564061902458129	0.293851475430219	0.535831965928622	0.280179643940661	0.0282299365295068	0.100756557944251
"Esox_lucius"	"liver"	"pectoral_fin"	"M"	"Mean_Local_Rank_Log2CV"	"other"	"liver"	0.00186605883556549	0.0038	"0.00187"	"**"	"Wilcoxon"	0.564013783863569	0.28443698163964	0.52904797807259	0.281281440378852	0.0349658057909797	0.12430896878189
"Esox_lucius"	"liver"	"ovary"	"F"	"Mean_Local_Rank_Log2CV"	"other"	"liver"	0.0964977447234958	0.14	"0.09650"	"ns"	"Wilcoxon"	0.545168301527852	0.274884101712794	0.527553088803089	0.27434993526465	0.0176152127247633	0.0642070963412871
"Esox_lucius"	"liver"	"ovary"	"M"	NA	NA	NA	NA	NA	NA	NA	NA	NA	NA	NA	NA	NA	NA
"Esox_lucius"	"liver"	"testis"	"F"	NA	NA	NA	NA	NA	NA	NA	NA	NA	NA	NA	NA	NA	NA
"Esox_lucius"	"liver"	"testis"	"M"	"Mean_Local_Rank_Log2CV"	"other"	"liver"	0.00185669272408491	0.0038	"0.00186"	"**"	"Wilcoxon"	0.546087209302326	0.255392946570277	0.511837915961647	0.258313149910972	0.0342492933406786	0.132588268744671
"Esox_lucius"	"muscle"	"brain"	"F"	"Mean_Local_Rank_Log2CV"	"other"	"muscle"	2.15979630319731e-06	7.1e-06	"2.2e-06"	"****"	"Wilcoxon"	0.547014118396115	0.292685960953712	0.485899551505536	0.272114912462229	0.061114566890579	0.224591024202181
"Esox_lucius"	"muscle"	"brain"	"M"	"Mean_Local_Rank_Log2CV"	"other"	"muscle"	0.0133321166237173	0.025	"0.01333"	"*"	"Wilcoxon"	0.540773782250586	0.279083197844205	0.510548317527641	0.279266004931638	0.0302254647229455	0.10823180834468
"Esox_lucius"	"muscle"	"eye"	"F"	"Mean_Local_Rank_Log2CV"	"other"	"muscle"	0.122605939423748	0.17	"0.12261"	"ns"	"Wilcoxon"	0.517443584070796	0.253035065935318	0.535917955871164	0.266030161978099	-0.0184743718003676	-0.0694446511741345
"Esox_lucius"	"muscle"	"eye"	"M"	"Mean_Local_Rank_Log2CV"	"other"	"muscle"	1.26592933996325e-15	9.8e-15	"1.3e-15"	"****"	"Wilcoxon"	0.617304843304843	0.276540104855394	0.515224216784816	0.255496777101802	0.102080626520027	0.399537824617465
"Esox_lucius"	"muscle"	"intestine"	"F"	"Mean_Local_Rank_Log2CV"	"other"	"muscle"	6.84897300364776e-07	2.4e-06	"6.8e-07"	"****"	"Wilcoxon"	0.571543087557604	0.287549166741672	0.506035789012575	0.271258098341315	0.0655072985450289	0.241494351488829
"Esox_lucius"	"muscle"	"intestine"	"M"	"Mean_Local_Rank_Log2CV"	"other"	"muscle"	0.0230404745436817	0.041	"0.02304"	"*"	"Wilcoxon"	0.536062832135042	0.278081734212644	0.50680351616041	0.269220464345595	0.0292593159746319	0.108681619154598
"Esox_lucius"	"muscle"	"liver"	"F"	"Mean_Local_Rank_Log2CV"	"other"	"muscle"	0.441037828530541	0.51	"0.44104"	"ns"	"Wilcoxon"	0.510125096227868	0.256992041520218	0.501709494324045	0.248777709280646	0.00841560190382218	0.0338277972257095
"Esox_lucius"	"muscle"	"liver"	"M"	"Mean_Local_Rank_Log2CV"	"other"	"muscle"	0.000283600934650826	7e-04	"0.00028"	"***"	"Wilcoxon"	0.567937169312169	0.274489306075442	0.518503548061787	0.27946932889857	0.0494336212503826	0.176883887205826
"Esox_lucius"	"muscle"	"heart"	"F"	"Mean_Local_Rank_Log2CV"	"other"	"muscle"	4.91661501018498e-06	1.6e-05	"4.9e-06"	"****"	"Wilcoxon"	0.571887321900119	0.281666230693003	0.514486106880563	0.278635113315245	0.0574012150195558	0.206008547654267
"Esox_lucius"	"muscle"	"heart"	"M"	"Mean_Local_Rank_Log2CV"	"other"	"muscle"	1.77842703060736e-17	1.5e-16	"< 2e-16"	"****"	"Wilcoxon"	0.619041123605077	0.286620967843281	0.513357195814269	0.277405039354735	0.105683927790808	0.380973352310531
"Esox_lucius"	"muscle"	"muscle"	"F"	NA	NA	NA	NA	NA	NA	NA	NA	NA	NA	NA	NA	NA	NA
"Esox_lucius"	"muscle"	"muscle"	"M"	NA	NA	NA	NA	NA	NA	NA	NA	NA	NA	NA	NA	NA	NA
"Esox_lucius"	"muscle"	"gills"	"F"	"Mean_Local_Rank_Log2CV"	"other"	"muscle"	0.19074499912334	0.25	"0.19074"	"ns"	"Wilcoxon"	0.524162279066878	0.282341073935574	0.50729270791572	0.274843017842169	0.0168695711511577	0.0613789329036011
"Esox_lucius"	"muscle"	"gills"	"M"	"Mean_Local_Rank_Log2CV"	"other"	"muscle"	0.000455191302033487	0.001	"0.00046"	"***"	"Wilcoxon"	0.556299894549895	0.290786469011776	0.514001030848527	0.275329007994232	0.0422988637013678	0.153630247715322
"Esox_lucius"	"muscle"	"pectoral_fin"	"F"	"Mean_Local_Rank_Log2CV"	"other"	"muscle"	1.24836588959848e-23	2e-22	"< 2e-16"	"****"	"Wilcoxon"	0.652072394819142	0.27863801580676	0.526968167435664	0.279723908723127	0.125104227383478	0.447241810521486
"Esox_lucius"	"muscle"	"pectoral_fin"	"M"	"Mean_Local_Rank_Log2CV"	"other"	"muscle"	9.86931884463342e-20	1.1e-18	"< 2e-16"	"****"	"Wilcoxon"	0.636558847571488	0.291448789965997	0.522686854000717	0.278736616946635	0.113871993570771	0.408529007843173
"Esox_lucius"	"muscle"	"ovary"	"F"	"Mean_Local_Rank_Log2CV"	"other"	"muscle"	0.245394696282209	0.31	"0.24539"	"ns"	"Wilcoxon"	0.543299332962757	0.285065054856197	0.528910844590601	0.27322559345595	0.0143884883721562	0.0526615687431053
"Esox_lucius"	"muscle"	"ovary"	"M"	NA	NA	NA	NA	NA	NA	NA	NA	NA	NA	NA	NA	NA	NA
"Esox_lucius"	"muscle"	"testis"	"F"	NA	NA	NA	NA	NA	NA	NA	NA	NA	NA	NA	NA	NA	NA
"Esox_lucius"	"muscle"	"testis"	"M"	"Mean_Local_Rank_Log2CV"	"other"	"muscle"	0.382728917976367	0.46	"0.38273"	"ns"	"Wilcoxon"	0.505829787234043	0.251377725633194	0.517173001752258	0.258812363185101	-0.0113432145182151	-0.0438279469288817
"Esox_lucius"	"ovary"	"brain"	"F"	"Mean_Local_Rank_Log2CV"	"other"	"ovary"	1.52773324476029e-23	2.2e-22	"< 2e-16"	"****"	"Wilcoxon"	0.429440811856403	0.266613440170923	0.51601495784199	0.274361186868415	-0.0865741459855868	-0.315548080884736
"Esox_lucius"	"ovary"	"brain"	"M"	"Mean_Local_Rank_Log2CV"	"other"	"ovary"	6.87895498156833e-29	1.6e-27	"< 2e-16"	"****"	"Wilcoxon"	0.446043671301423	0.261199082492221	0.538372153781358	0.281745192639931	-0.0923284824799345	-0.327702068719696
"Esox_lucius"	"ovary"	"eye"	"F"	"Mean_Local_Rank_Log2CV"	"other"	"ovary"	9.59971408684979e-19	9.7e-18	"< 2e-16"	"****"	"Wilcoxon"	0.466161827956989	0.257335216620184	0.552230447330447	0.263792028810005	-0.0860686193734581	-0.326274526799476
"Esox_lucius"	"ovary"	"eye"	"M"	"Mean_Local_Rank_Log2CV"	"other"	"ovary"	9.55872057416011e-22	1.1e-20	"< 2e-16"	"****"	"Wilcoxon"	0.453218299964875	0.239022124571961	0.542618191161357	0.261098210829911	-0.0893998911964814	-0.342399478389072
"Esox_lucius"	"ovary"	"intestine"	"F"	"Mean_Local_Rank_Log2CV"	"other"	"ovary"	8.75109674956113e-23	1.2e-21	"< 2e-16"	"****"	"Wilcoxon"	0.450131246539313	0.25882054404491	0.534988483611293	0.275145016690035	-0.0848572370719796	-0.308409136726527
"Esox_lucius"	"ovary"	"intestine"	"M"	"Mean_Local_Rank_Log2CV"	"other"	"ovary"	4.12138686010457e-34	1.7e-32	"< 2e-16"	"****"	"Wilcoxon"	0.427208889816361	0.256675231956902	0.537284556183	0.269010058696861	-0.11007566636664	-0.409187919960571
"Esox_lucius"	"ovary"	"liver"	"F"	"Mean_Local_Rank_Log2CV"	"other"	"ovary"	4.14281775362697e-09	1.9e-08	"4.1e-09"	"****"	"Wilcoxon"	0.46173090649536	0.238930124803434	0.516727433736411	0.251851627235917	-0.0549965272410509	-0.21836875879914
"Esox_lucius"	"ovary"	"liver"	"M"	"Mean_Local_Rank_Log2CV"	"other"	"ovary"	1.1546943661961e-08	5.2e-08	"1.2e-08"	"****"	"Wilcoxon"	0.484019373630485	0.280988126290426	0.538785026841845	0.277264795090237	-0.0547656532113603	-0.19752112125716
"Esox_lucius"	"ovary"	"heart"	"F"	"Mean_Local_Rank_Log2CV"	"other"	"ovary"	9.56026408942175e-18	8.6e-17	"< 2e-16"	"****"	"Wilcoxon"	0.462981041575652	0.272376362275639	0.539624078383368	0.279221237662184	-0.0766430368077166	-0.274488564872143
"Esox_lucius"	"ovary"	"heart"	"M"	"Mean_Local_Rank_Log2CV"	"other"	"ovary"	1.16270787051111e-31	3.8e-30	"< 2e-16"	"****"	"Wilcoxon"	0.444935424821698	0.262908713327212	0.551444990314204	0.280971274765973	-0.106509565492506	-0.379076350709588
"Esox_lucius"	"ovary"	"muscle"	"F"	"Mean_Local_Rank_Log2CV"	"other"	"ovary"	6.23564717588869e-16	5.1e-15	"6.2e-16"	"****"	"Wilcoxon"	0.466702969728301	0.262781630200118	0.554156415956527	0.273934408893777	-0.0874534462282257	-0.31924958453152
"Esox_lucius"	"ovary"	"muscle"	"M"	"Mean_Local_Rank_Log2CV"	"other"	"ovary"	7.15825805064508e-12	4.8e-11	"7.2e-12"	"****"	"Wilcoxon"	0.470974028741932	0.264655888246105	0.54717271090535	0.277767628037598	-0.0761986821634182	-0.274325279377423
"Esox_lucius"	"ovary"	"gills"	"F"	"Mean_Local_Rank_Log2CV"	"other"	"ovary"	3.71398588591862e-24	6.7e-23	"< 2e-16"	"****"	"Wilcoxon"	0.448050957784098	0.257822061919555	0.530753921177682	0.278439643557881	-0.0827029633935841	-0.297022946649449
"Esox_lucius"	"ovary"	"gills"	"M"	"Mean_Local_Rank_Log2CV"	"other"	"ovary"	1.17767776998183e-30	3.2e-29	"< 2e-16"	"****"	"Wilcoxon"	0.453486198143888	0.259185348478593	0.540846861071916	0.279465087792516	-0.0873606629280282	-0.312599558027397
"Esox_lucius"	"ovary"	"pectoral_fin"	"F"	"Mean_Local_Rank_Log2CV"	"other"	"ovary"	5.70700997707987e-39	4.6e-37	"< 2e-16"	"****"	"Wilcoxon"	0.45379004275757	0.266121513141837	0.568130984762847	0.281504272829657	-0.114340942005276	-0.406178353372511
"Esox_lucius"	"ovary"	"pectoral_fin"	"M"	"Mean_Local_Rank_Log2CV"	"other"	"ovary"	3.25645727662136e-35	1.8e-33	"< 2e-16"	"****"	"Wilcoxon"	0.45511317700157	0.264062045711198	0.560047782955786	0.282825286797449	-0.104934605954216	-0.371022715622196
"Esox_lucius"	"ovary"	"ovary"	"F"	NA	NA	NA	NA	NA	NA	NA	NA	NA	NA	NA	NA	NA	NA
"Esox_lucius"	"ovary"	"ovary"	"M"	NA	NA	NA	NA	NA	NA	NA	NA	NA	NA	NA	NA	NA	NA
"Esox_lucius"	"ovary"	"testis"	"F"	NA	NA	NA	NA	NA	NA	NA	NA	NA	NA	NA	NA	NA	NA
"Esox_lucius"	"ovary"	"testis"	"M"	"Mean_Local_Rank_Log2CV"	"other"	"ovary"	0.0583406890045834	0.092	"0.05834"	"ns"	"Wilcoxon"	0.505314550803349	0.258798810978616	0.520250908783498	0.257853631961548	-0.014936357980149	-0.057925722692075
"Esox_lucius"	"pectoral_fin"	"brain"	"F"	"Mean_Local_Rank_Log2CV"	"other"	"pectoral_fin"	0.0124853124094753	0.023	"0.01249"	"*"	"Wilcoxon"	0.528652866242038	0.263888805768053	0.489940702639752	0.275530175358589	0.0387121636022867	0.140500631380591
"Esox_lucius"	"pectoral_fin"	"brain"	"M"	"Mean_Local_Rank_Log2CV"	"other"	"pectoral_fin"	6.87485855931075e-11	4.1e-10	"6.9e-11"	"****"	"Wilcoxon"	0.605431871118012	0.270315098175804	0.507340406538472	0.278904081998445	0.0980914645795408	0.351703223117715
"Esox_lucius"	"pectoral_fin"	"eye"	"F"	"Mean_Local_Rank_Log2CV"	"other"	"pectoral_fin"	1.21219352695992e-06	4.1e-06	"1.2e-06"	"****"	"Wilcoxon"	0.60084295845998	0.256883330627142	0.528610837842269	0.264675258356344	0.0722321206177104	0.272908473071031
"Esox_lucius"	"pectoral_fin"	"eye"	"M"	"Mean_Local_Rank_Log2CV"	"other"	"pectoral_fin"	3.01903157904779e-24	6.1e-23	"< 2e-16"	"****"	"Wilcoxon"	0.658722540592168	0.239555411129278	0.514710596616207	0.257953021066291	0.144011943975962	0.558287487313251
"Esox_lucius"	"pectoral_fin"	"intestine"	"F"	"Mean_Local_Rank_Log2CV"	"other"	"pectoral_fin"	0.000232456279659487	6e-04	"0.00023"	"***"	"Wilcoxon"	0.562324003477796	0.267438034116418	0.508239698818838	0.273509596385428	0.0540843046589575	0.197741890499309
"Esox_lucius"	"pectoral_fin"	"intestine"	"M"	"Mean_Local_Rank_Log2CV"	"other"	"pectoral_fin"	7.78273225948094e-08	3e-07	"7.8e-08"	"****"	"Wilcoxon"	0.584908624806855	0.259131730200844	0.503842349321111	0.270183057488022	0.0810662754857437	0.300042039051015
"Esox_lucius"	"pectoral_fin"	"liver"	"F"	"Mean_Local_Rank_Log2CV"	"other"	"pectoral_fin"	0.976366504064075	0.98	"0.97637"	"ns"	"Wilcoxon"	0.505241046831956	0.231476693504913	0.502524846536101	0.251014071064547	0.0027162002958554	0.0108209085026032
"Esox_lucius"	"pectoral_fin"	"liver"	"M"	"Mean_Local_Rank_Log2CV"	"other"	"pectoral_fin"	0.28633636177527	0.35	"0.28634"	"ns"	"Wilcoxon"	0.542484721479104	0.26418821307454	0.522544698717123	0.280280898150015	0.0199400227619805	0.0711429958073989
"Esox_lucius"	"pectoral_fin"	"heart"	"F"	"Mean_Local_Rank_Log2CV"	"other"	"pectoral_fin"	0.493841448781105	0.56	"0.49384"	"ns"	"Wilcoxon"	0.531459016393443	0.264490426179656	0.519802758789377	0.280390116029992	0.0116562576040659	0.0415715709565847
"Esox_lucius"	"pectoral_fin"	"heart"	"M"	"Mean_Local_Rank_Log2CV"	"other"	"pectoral_fin"	0.0571979914457013	0.091	"0.05720"	"ns"	"Wilcoxon"	0.55403974572844	0.274294780414384	0.523123699708386	0.280697236969408	0.0309160460200535	0.110140186465116
"Esox_lucius"	"pectoral_fin"	"muscle"	"F"	"Mean_Local_Rank_Log2CV"	"other"	"pectoral_fin"	1.55924596532976e-05	4.6e-05	"1.6e-05"	"****"	"Wilcoxon"	0.461744883903975	0.247101251425393	0.538899168188273	0.27500016382521	-0.0771542842842986	-0.280560866623112
"Esox_lucius"	"pectoral_fin"	"muscle"	"M"	"Mean_Local_Rank_Log2CV"	"other"	"pectoral_fin"	0.490882914451707	0.56	"0.49088"	"ns"	"Wilcoxon"	0.517419927536232	0.277838728264857	0.530396556555192	0.276555636506102	-0.0129766290189601	-0.0469223089534601
"Esox_lucius"	"pectoral_fin"	"gills"	"F"	"Mean_Local_Rank_Log2CV"	"other"	"pectoral_fin"	3.99241591798158e-08	1.7e-07	"4.0e-08"	"****"	"Wilcoxon"	0.575919689692758	0.28077289715548	0.502958789056748	0.274318628080297	0.07296090063601	0.265971367480933
"Esox_lucius"	"pectoral_fin"	"gills"	"M"	"Mean_Local_Rank_Log2CV"	"other"	"pectoral_fin"	2.33018115476187e-11	1.5e-10	"2.3e-11"	"****"	"Wilcoxon"	0.59575252173644	0.284099446344749	0.511161606174448	0.275337454838254	0.0845909155619916	0.307226329275413
"Esox_lucius"	"pectoral_fin"	"pectoral_fin"	"F"	NA	NA	NA	NA	NA	NA	NA	NA	NA	NA	NA	NA	NA	NA
"Esox_lucius"	"pectoral_fin"	"pectoral_fin"	"M"	NA	NA	NA	NA	NA	NA	NA	NA	NA	NA	NA	NA	NA	NA
"Esox_lucius"	"pectoral_fin"	"ovary"	"F"	"Mean_Local_Rank_Log2CV"	"other"	"pectoral_fin"	0.845420618147105	0.87	"0.84542"	"ns"	"Wilcoxon"	0.531935728048445	0.279843534715058	0.530291378042846	0.274108745410612	0.00164435000559904	0.00599889654427412
"Esox_lucius"	"pectoral_fin"	"ovary"	"M"	NA	NA	NA	NA	NA	NA	NA	NA	NA	NA	NA	NA	NA	NA
"Esox_lucius"	"pectoral_fin"	"testis"	"F"	NA	NA	NA	NA	NA	NA	NA	NA	NA	NA	NA	NA	NA	NA
"Esox_lucius"	"pectoral_fin"	"testis"	"M"	"Mean_Local_Rank_Log2CV"	"other"	"pectoral_fin"	0.329151445985554	0.4	"0.32915"	"ns"	"Wilcoxon"	0.529439196525516	0.262964645163629	0.515392412083252	0.257886420657109	0.0140467844422639	0.0544688797745609
"Esox_lucius"	"testis"	"brain"	"F"	"Mean_Local_Rank_Log2CV"	"other"	"testis"	0.112992622159812	0.16	"0.11299"	"ns"	"Wilcoxon"	0.468100398053958	0.261066021630169	0.493963747195213	0.275823805865791	-0.0258633491412548	-0.0937676465599899
"Esox_lucius"	"testis"	"brain"	"M"	"Mean_Local_Rank_Log2CV"	"other"	"testis"	0.00518673044489027	0.01	"0.00519"	"**"	"Wilcoxon"	0.475436558681444	0.269860242356776	0.516372028605666	0.279872125914694	-0.0409354699242221	-0.146264905054172
"Esox_lucius"	"testis"	"eye"	"F"	"Mean_Local_Rank_Log2CV"	"other"	"testis"	0.106667608754324	0.15	"0.10667"	"ns"	"Wilcoxon"	0.50464010989011	0.258828436740061	0.535287087586043	0.264964488645497	-0.0306469776959333	-0.115664472067941
"Esox_lucius"	"testis"	"eye"	"M"	"Mean_Local_Rank_Log2CV"	"other"	"testis"	0.53182504589916	0.59	"0.53183"	"ns"	"Wilcoxon"	0.512739726027397	0.263644657334847	0.525678097504688	0.259145245375711	-0.0129383714772905	-0.0499271034609657
"Esox_lucius"	"testis"	"intestine"	"F"	"Mean_Local_Rank_Log2CV"	"other"	"testis"	0.0330922592674543	0.056	"0.03309"	"*"	"Wilcoxon"	0.475168154761905	0.26442195850898	0.513851914098973	0.273746737469955	-0.0386837593370681	-0.14131222053857
"Esox_lucius"	"testis"	"intestine"	"M"	"Mean_Local_Rank_Log2CV"	"other"	"testis"	0.0358489209695223	0.059	"0.03585"	"*"	"Wilcoxon"	0.545837727365624	0.261031295332412	0.507747147270206	0.270549783520764	0.0380905800954189	0.140789541945782
"Esox_lucius"	"testis"	"liver"	"F"	"Mean_Local_Rank_Log2CV"	"other"	"testis"	0.656819438738095	0.7	"0.65682"	"ns"	"Wilcoxon"	0.509978632478633	0.237271434537756	0.502295271049596	0.250450830038348	0.00768336142903625	0.0306781232382412
"Esox_lucius"	"testis"	"liver"	"M"	"Mean_Local_Rank_Log2CV"	"other"	"testis"	0.425977189709394	0.5	"0.42598"	"ns"	"Wilcoxon"	0.538026072272881	0.279717569298122	0.522955985199642	0.279318188388243	0.0150700870732386	0.0539531176261666
"Esox_lucius"	"testis"	"heart"	"F"	"Mean_Local_Rank_Log2CV"	"other"	"testis"	0.713709782488486	0.75	"0.71371"	"ns"	"Wilcoxon"	0.527232481235388	0.269979809895189	0.520131798793026	0.2799834045315	0.00710068244236228	0.0253610832907899
"Esox_lucius"	"testis"	"heart"	"M"	"Mean_Local_Rank_Log2CV"	"other"	"testis"	0.101666477788068	0.15	"0.10167"	"ns"	"Wilcoxon"	0.497063507444321	0.279655755618233	0.52654900053274	0.280365157182374	-0.029485493088419	-0.105168179187255
"Esox_lucius"	"testis"	"muscle"	"F"	"Mean_Local_Rank_Log2CV"	"other"	"testis"	0.447177346628711	0.51	"0.44718"	"ns"	"Wilcoxon"	0.551281072177299	0.255894282645666	0.53277270350111	0.274666314336082	0.0185083686761891	0.0673849238517915
"Esox_lucius"	"testis"	"muscle"	"M"	"Mean_Local_Rank_Log2CV"	"other"	"testis"	0.4259011423772	0.5	"0.42590"	"ns"	"Wilcoxon"	0.546426205738706	0.278671503426123	0.528692004054574	0.276538832739042	0.0177342016841318	0.0641291550574626
"Esox_lucius"	"testis"	"gills"	"F"	"Mean_Local_Rank_Log2CV"	"other"	"testis"	0.253704229062733	0.32	"0.25370"	"ns"	"Wilcoxon"	0.491141084383352	0.245223065156424	0.509686323963548	0.277004100757608	-0.0185452395801953	-0.0669493322643022
"Esox_lucius"	"testis"	"gills"	"M"	"Mean_Local_Rank_Log2CV"	"other"	"testis"	0.679324831550716	0.72	"0.67932"	"ns"	"Wilcoxon"	0.52356334916238	0.271212290998347	0.517241610933807	0.277232029919188	0.00632173822857218	0.0228030586163328
"Esox_lucius"	"testis"	"pectoral_fin"	"F"	"Mean_Local_Rank_Log2CV"	"other"	"testis"	0.153104447854346	0.2	"0.15310"	"ns"	"Wilcoxon"	0.565940044497576	0.27083526354997	0.538206887535376	0.28256605048434	0.0277331569621999	0.0981475195433531
"Esox_lucius"	"testis"	"pectoral_fin"	"M"	"Mean_Local_Rank_Log2CV"	"other"	"testis"	0.150732727002096	0.2	"0.15073"	"ns"	"Wilcoxon"	0.509126068376068	0.279084583416175	0.53447601449718	0.281982834754182	-0.0253499461211116	-0.0898988980772903
"Esox_lucius"	"testis"	"ovary"	"F"	"Mean_Local_Rank_Log2CV"	"other"	"testis"	0.269929584537287	0.34	"0.26993"	"ns"	"Wilcoxon"	0.544999943579327	0.270947192186456	0.529044844866976	0.274803329945275	0.0159550987123512	0.0580600632296872
"Esox_lucius"	"testis"	"ovary"	"M"	NA	NA	NA	NA	NA	NA	NA	NA	NA	NA	NA	NA	NA	NA
"Esox_lucius"	"testis"	"testis"	"F"	NA	NA	NA	NA	NA	NA	NA	NA	NA	NA	NA	NA	NA	NA
"Esox_lucius"	"testis"	"testis"	"M"	NA	NA	NA	NA	NA	NA	NA	NA	NA	NA	NA	NA	NA	NA
"Lepisosteus_oculatus"	"brain"	"brain"	NA	NA	NA	NA	NA	NA	NA	NA	NA	NA	NA	NA	NA	NA	NA
"Lepisosteus_oculatus"	"brain"	"eye"	NA	"Mean_Local_Rank_Log2CV"	"other"	"brain"	0.880741768362054	0.92	"0.8807"	"ns"	"Wilcoxon"	0.535566335272741	0.264757230999403	0.535499409972174	0.283247940507711	6.69253005666226e-05	0.000236278154208859
"Lepisosteus_oculatus"	"brain"	"intestine"	NA	"Mean_Local_Rank_Log2CV"	"other"	"brain"	1.84852277534093e-11	2.2e-10	"1.8e-11"	"****"	"Wilcoxon"	0.461896338380446	0.258405508408888	0.562597053350041	0.289684676391389	-0.100700714969595	-0.347621821851354
"Lepisosteus_oculatus"	"brain"	"liver"	NA	"Mean_Local_Rank_Log2CV"	"other"	"brain"	0.00463315878964284	0.012	"0.0046"	"**"	"Wilcoxon"	0.499396538002388	0.26898474558775	0.543998738753889	0.275003191047413	-0.0446022007515012	-0.162187938916721
"Lepisosteus_oculatus"	"brain"	"heart"	NA	"Mean_Local_Rank_Log2CV"	"other"	"brain"	0.00185491593292524	0.0058	"0.0019"	"**"	"Wilcoxon"	0.498117083333333	0.258304012376872	0.544080376845675	0.283939776589334	-0.0459632935123415	-0.161876909478656
"Lepisosteus_oculatus"	"brain"	"muscle"	NA	"Mean_Local_Rank_Log2CV"	"other"	"brain"	6.85852085671339e-06	3.1e-05	"6.9e-06"	"****"	"Wilcoxon"	0.459417304421769	0.255974695022433	0.549590134584517	0.276538535786828	-0.0901728301627479	-0.326076906085372
"Lepisosteus_oculatus"	"brain"	"gills"	NA	"Mean_Local_Rank_Log2CV"	"other"	"brain"	6.78413591091256e-05	0.00024	"6.8e-05"	"****"	"Wilcoxon"	0.475161397670549	0.252862625418037	0.522391907824223	0.267754206830187	-0.0472305101536739	-0.176395025545306
"Lepisosteus_oculatus"	"brain"	"pectoral_fin"	NA	"Mean_Local_Rank_Log2CV"	"other"	"brain"	1.3103591468454e-06	6.7e-06	"1.3e-06"	"****"	"Wilcoxon"	0.466781261904762	0.263848727959988	0.532013086763368	0.278526026491195	-0.0652318248586059	-0.234203696079612
"Lepisosteus_oculatus"	"brain"	"gonads"	NA	"Mean_Local_Rank_Log2CV"	"other"	"brain"	0.533635164698621	0.67	"0.5336"	"ns"	"Wilcoxon"	0.484352926587302	0.25784782877338	0.490710423875433	0.243935739198588	-0.0063574972881309	-0.0260621805932064
"Lepisosteus_oculatus"	"eye"	"brain"	NA	"Mean_Local_Rank_Log2CV"	"other"	"eye"	0.652229726161558	0.74	"0.6522"	"ns"	"Wilcoxon"	0.528770700930275	0.288983613265796	0.521431328113442	0.284971474838102	0.00733937281683372	0.0257547630723509
"Lepisosteus_oculatus"	"eye"	"eye"	NA	NA	NA	NA	NA	NA	NA	NA	NA	NA	NA	NA	NA	NA	NA
"Lepisosteus_oculatus"	"eye"	"intestine"	NA	"Mean_Local_Rank_Log2CV"	"other"	"eye"	0.104251966964421	0.17	"0.1043"	"ns"	"Wilcoxon"	0.579326925539943	0.297019525367254	0.544379362612185	0.286508799553822	0.0349475629277578	0.121977276028455
"Lepisosteus_oculatus"	"eye"	"liver"	NA	"Mean_Local_Rank_Log2CV"	"other"	"eye"	0.00291588873220266	0.0084	"0.0029"	"**"	"Wilcoxon"	0.600089455782313	0.287152489603857	0.531556147276429	0.27296154304208	0.068533308505884	0.251073128258653
"Lepisosteus_oculatus"	"eye"	"heart"	NA	"Mean_Local_Rank_Log2CV"	"other"	"eye"	0.00560740433108088	0.013	"0.0056"	"**"	"Wilcoxon"	0.597293212739641	0.27513071480484	0.531477202766676	0.279970020152502	0.0658160099729649	0.235082348949771
"Lepisosteus_oculatus"	"eye"	"muscle"	NA	"Mean_Local_Rank_Log2CV"	"other"	"eye"	0.209485961448745	0.3	"0.2095"	"ns"	"Wilcoxon"	0.500920962199313	0.278846910332115	0.537535769915443	0.274898941437846	-0.0366148077161301	-0.133193702109648
"Lepisosteus_oculatus"	"eye"	"gills"	NA	"Mean_Local_Rank_Log2CV"	"other"	"eye"	0.988335315047457	1	"0.9883"	"ns"	"Wilcoxon"	0.514291044776119	0.268947935025926	0.514778052086359	0.265739671599164	-0.000487007310239429	-0.00183264812253558
"Lepisosteus_oculatus"	"eye"	"pectoral_fin"	NA	"Mean_Local_Rank_Log2CV"	"other"	"eye"	0.00203243077672462	0.0061	"0.0020"	"**"	"Wilcoxon"	0.575428051569973	0.279246938687905	0.51753759718173	0.276697310197377	0.0578904543882431	0.20921943313055
"Lepisosteus_oculatus"	"eye"	"gonads"	NA	"Mean_Local_Rank_Log2CV"	"other"	"eye"	0.00143986939675374	0.0047	"0.0014"	"**"	"Wilcoxon"	0.534652014652015	0.257357564175702	0.484709578261404	0.24563650661367	0.0499424363906105	0.203318460594941
"Lepisosteus_oculatus"	"gills"	"brain"	NA	"Mean_Local_Rank_Log2CV"	"other"	"gills"	0.569153711383851	0.69	"0.5692"	"ns"	"Wilcoxon"	0.531896682340648	0.282629786301375	0.521204195535942	0.285693757984249	0.0106924868047058	0.0374263927925766
"Lepisosteus_oculatus"	"gills"	"eye"	NA	"Mean_Local_Rank_Log2CV"	"other"	"gills"	0.842884486950292	0.92	"0.8429"	"ns"	"Wilcoxon"	0.539090800225416	0.272745439738791	0.535151088612795	0.279735595529165	0.00393971161262063	0.0140836978760892
"Lepisosteus_oculatus"	"gills"	"intestine"	NA	"Mean_Local_Rank_Log2CV"	"other"	"gills"	0.00873058498136599	0.018	"0.0087"	"**"	"Wilcoxon"	0.587684608937084	0.280290647759929	0.541217508316982	0.287814219038874	0.0464671006201017	0.161448245244011
"Lepisosteus_oculatus"	"gills"	"liver"	NA	"Mean_Local_Rank_Log2CV"	"other"	"gills"	0.0565326371570373	0.11	"0.0565"	"ns"	"Wilcoxon"	0.571143331226296	0.252800877841915	0.531909837024329	0.2767300385535	0.0392334942019664	0.141775336017168
"Lepisosteus_oculatus"	"gills"	"heart"	NA	"Mean_Local_Rank_Log2CV"	"other"	"gills"	0.30010407418122	0.4	"0.3001"	"ns"	"Wilcoxon"	0.556682109625459	0.270280663832928	0.533913644244105	0.281001906296319	0.022768465381354	0.0810260175151427
"Lepisosteus_oculatus"	"gills"	"muscle"	NA	"Mean_Local_Rank_Log2CV"	"other"	"gills"	0.649046555218012	0.74	"0.6490"	"ns"	"Wilcoxon"	0.548949512335055	0.272656423077826	0.534069685963754	0.275479178186538	0.0148798263713007	0.0540143413714738
"Lepisosteus_oculatus"	"gills"	"gills"	NA	NA	NA	NA	NA	NA	NA	NA	NA	NA	NA	NA	NA	NA	NA
"Lepisosteus_oculatus"	"gills"	"pectoral_fin"	NA	"Mean_Local_Rank_Log2CV"	"other"	"gills"	5.79547617719151e-05	0.00022	"5.8e-05"	"****"	"Wilcoxon"	0.570529869640164	0.270686007701916	0.513809811933574	0.277533022568738	0.0567200577065894	0.20437228399565
"Lepisosteus_oculatus"	"gills"	"gonads"	NA	"Mean_Local_Rank_Log2CV"	"other"	"gills"	0.853558076080216	0.92	"0.8536"	"ns"	"Wilcoxon"	0.487053225806452	0.249914903781178	0.489536711543256	0.246825700647647	-0.00248348573680446	-0.010061698317023
"Lepisosteus_oculatus"	"gonads"	"brain"	NA	"Mean_Local_Rank_Log2CV"	"other"	"gonads"	2.37892963884052e-18	5.7e-17	"< 2e-16"	"****"	"Wilcoxon"	0.447806884194277	0.267725560606666	0.54981872572628	0.286834063329287	-0.102011841532003	-0.355647583651503
"Lepisosteus_oculatus"	"gonads"	"eye"	NA	"Mean_Local_Rank_Log2CV"	"other"	"gonads"	6.51394439573348e-22	2.3e-20	"< 2e-16"	"****"	"Wilcoxon"	0.44322619047619	0.27292757629651	0.557063344992085	0.276113484538103	-0.113837154515894	-0.412283937187374
"Lepisosteus_oculatus"	"gonads"	"intestine"	NA	"Mean_Local_Rank_Log2CV"	"other"	"gonads"	4.95342323957452e-17	8.9e-16	"< 2e-16"	"****"	"Wilcoxon"	0.45180890610041	0.27283620619859	0.570091958786242	0.28599182959231	-0.118283052685832	-0.413588922643169
"Lepisosteus_oculatus"	"gonads"	"liver"	NA	"Mean_Local_Rank_Log2CV"	"other"	"gonads"	0.00122586920272739	0.0042	"0.0012"	"**"	"Wilcoxon"	0.495043402101985	0.267588170079639	0.545154515502239	0.275146043958112	-0.0501111134002535	-0.182125509345438
"Lepisosteus_oculatus"	"gonads"	"heart"	NA	"Mean_Local_Rank_Log2CV"	"other"	"gonads"	3.34523020479292e-07	2.2e-06	"3.3e-07"	"****"	"Wilcoxon"	0.47143394530503	0.277579465623365	0.550445610441146	0.278658527936938	-0.0790116651361165	-0.283542964649542
"Lepisosteus_oculatus"	"gonads"	"muscle"	NA	"Mean_Local_Rank_Log2CV"	"other"	"gonads"	0.0679784112467811	0.13	"0.0680"	"ns"	"Wilcoxon"	0.50287905209032	0.269185932708901	0.540815088878017	0.276035120845651	-0.0379360367876973	-0.137431920516048
"Lepisosteus_oculatus"	"gonads"	"gills"	NA	"Mean_Local_Rank_Log2CV"	"other"	"gonads"	4.12263467642938e-05	0.00016	"4.1e-05"	"****"	"Wilcoxon"	0.480290894107952	0.253273752624981	0.524347174362509	0.268615429928261	-0.0440562802545564	-0.16401247041662
"Lepisosteus_oculatus"	"gonads"	"pectoral_fin"	NA	"Mean_Local_Rank_Log2CV"	"other"	"gonads"	4.71977842080114e-10	4.9e-09	"4.7e-10"	"****"	"Wilcoxon"	0.461283378186439	0.256237495458405	0.536925769201836	0.280285121873268	-0.0756423910153962	-0.269876583208717
"Lepisosteus_oculatus"	"gonads"	"gonads"	NA	NA	NA	NA	NA	NA	NA	NA	NA	NA	NA	NA	NA	NA	NA
"Lepisosteus_oculatus"	"heart"	"brain"	NA	"Mean_Local_Rank_Log2CV"	"other"	"heart"	0.0536487317206214	0.11	"0.0536"	"ns"	"Wilcoxon"	0.55192831324449	0.288353494156874	0.518883474045905	0.284893509425917	0.0330448391985848	0.115990144054783
"Lepisosteus_oculatus"	"heart"	"eye"	NA	"Mean_Local_Rank_Log2CV"	"other"	"heart"	0.251463154094639	0.34	"0.2515"	"ns"	"Wilcoxon"	0.553247798178833	0.270234383079465	0.533822175439096	0.279872025437725	0.0194256227397361	0.0694089475693545
"Lepisosteus_oculatus"	"heart"	"intestine"	NA	"Mean_Local_Rank_Log2CV"	"other"	"heart"	0.937123397650215	0.96	"0.9371"	"ns"	"Wilcoxon"	0.549276743229223	0.276315721567609	0.546394288786094	0.288442709565647	0.0028824544431284	0.00999316102483213
"Lepisosteus_oculatus"	"heart"	"liver"	NA	"Mean_Local_Rank_Log2CV"	"other"	"heart"	0.662577486305493	0.74	"0.6626"	"ns"	"Wilcoxon"	0.526396179401993	0.286794369424142	0.537364099682195	0.272998837775543	-0.0109679202802019	-0.0401757031992187
"Lepisosteus_oculatus"	"heart"	"heart"	NA	NA	NA	NA	NA	NA	NA	NA	NA	NA	NA	NA	NA	NA	NA
"Lepisosteus_oculatus"	"heart"	"muscle"	NA	"Mean_Local_Rank_Log2CV"	"other"	"heart"	0.00495349752887539	0.012	"0.0050"	"**"	"Wilcoxon"	0.585893395549174	0.266403299692217	0.526389573765208	0.275880165625353	0.0595038217839662	0.215687204801713
"Lepisosteus_oculatus"	"heart"	"gills"	NA	"Mean_Local_Rank_Log2CV"	"other"	"heart"	0.666482832092149	0.74	"0.6665"	"ns"	"Wilcoxon"	0.519923076923077	0.27436410218375	0.514223786935468	0.265113047865607	0.00569928998760905	0.0214975838929594
"Lepisosteus_oculatus"	"heart"	"pectoral_fin"	NA	"Mean_Local_Rank_Log2CV"	"other"	"heart"	0.658000085882707	0.74	"0.6580"	"ns"	"Wilcoxon"	0.528000881834215	0.282146575474797	0.521071482457886	0.276773357386364	0.00692939937632941	0.0250363670902624
"Lepisosteus_oculatus"	"heart"	"gonads"	NA	"Mean_Local_Rank_Log2CV"	"other"	"heart"	0.4506589538145	0.58	"0.4507"	"ns"	"Wilcoxon"	0.479609508547009	0.236504759901948	0.490407747005988	0.248333905229411	-0.0107982384589795	-0.0434827392941132
"Lepisosteus_oculatus"	"intestine"	"brain"	NA	"Mean_Local_Rank_Log2CV"	"other"	"intestine"	0.169166151156578	0.25	"0.1692"	"ns"	"Wilcoxon"	0.501553221288515	0.269288139902762	0.524561108719396	0.287082052198171	-0.0230078874308806	-0.0801439423144375
"Lepisosteus_oculatus"	"intestine"	"eye"	NA	"Mean_Local_Rank_Log2CV"	"other"	"intestine"	0.154802782394068	0.23	"0.1548"	"ns"	"Wilcoxon"	0.514340922619048	0.280913462658476	0.53754285025394	0.278843375211804	-0.0232019276348921	-0.0832077420425298
"Lepisosteus_oculatus"	"intestine"	"intestine"	NA	NA	NA	NA	NA	NA	NA	NA	NA	NA	NA	NA	NA	NA	NA
"Lepisosteus_oculatus"	"intestine"	"liver"	NA	"Mean_Local_Rank_Log2CV"	"other"	"intestine"	0.407526107764912	0.53	"0.4075"	"ns"	"Wilcoxon"	0.524843174603175	0.269622567727676	0.538159420878704	0.275259987171752	-0.0133162462755295	-0.0483769777523847
"Lepisosteus_oculatus"	"intestine"	"heart"	NA	"Mean_Local_Rank_Log2CV"	"other"	"intestine"	0.00392757826893105	0.011	"0.0039"	"**"	"Wilcoxon"	0.488013098464318	0.263537674321276	0.541803348128212	0.281528710989447	-0.0537902496638938	-0.191064881002172
"Lepisosteus_oculatus"	"intestine"	"muscle"	NA	"Mean_Local_Rank_Log2CV"	"other"	"intestine"	0.14638485038905	0.23	"0.1464"	"ns"	"Wilcoxon"	0.505778264680105	0.266758019260101	0.538869790444914	0.276222467727789	-0.0330915257648084	-0.119800268374329
"Lepisosteus_oculatus"	"intestine"	"gills"	NA	"Mean_Local_Rank_Log2CV"	"other"	"intestine"	0.583842329182872	0.7	"0.5838"	"ns"	"Wilcoxon"	0.52226256767208	0.254953769343658	0.513754776422764	0.267367446895845	0.00850779124931622	0.0318205950204196
"Lepisosteus_oculatus"	"intestine"	"pectoral_fin"	NA	"Mean_Local_Rank_Log2CV"	"other"	"intestine"	0.154092022509833	0.23	"0.1541"	"ns"	"Wilcoxon"	0.541720540758676	0.272410452393362	0.519205857227438	0.277791124712403	0.0225146835312383	0.0810489663935367
"Lepisosteus_oculatus"	"intestine"	"gonads"	NA	"Mean_Local_Rank_Log2CV"	"other"	"intestine"	0.00517516523591314	0.012	"0.0052"	"**"	"Wilcoxon"	0.455217726396917	0.233487359019156	0.493746146070255	0.248534460425294	-0.0385284196733381	-0.155022444804668
"Lepisosteus_oculatus"	"liver"	"brain"	NA	"Mean_Local_Rank_Log2CV"	"other"	"liver"	1.30231321904172e-09	1e-08	"1.3e-09"	"****"	"Wilcoxon"	0.601770475261812	0.292483958125553	0.509951633122535	0.282324878589467	0.091818842139277	0.325224056052078
"Lepisosteus_oculatus"	"liver"	"eye"	NA	"Mean_Local_Rank_Log2CV"	"other"	"liver"	7.36695585729578e-07	4.4e-06	"7.4e-07"	"****"	"Wilcoxon"	0.596050437620531	0.295944022839051	0.527500826054723	0.275805200900597	0.0685496115658077	0.248543578373324
"Lepisosteus_oculatus"	"liver"	"intestine"	NA	"Mean_Local_Rank_Log2CV"	"other"	"liver"	5.85390011788037e-24	4.2e-22	"< 2e-16"	"****"	"Wilcoxon"	0.671635085457178	0.273138808175892	0.521727936770628	0.283558828839953	0.14990714868655	0.52866330877379
"Lepisosteus_oculatus"	"liver"	"liver"	NA	NA	NA	NA	NA	NA	NA	NA	NA	NA	NA	NA	NA	NA	NA
"Lepisosteus_oculatus"	"liver"	"heart"	NA	"Mean_Local_Rank_Log2CV"	"other"	"liver"	1.9626838465836e-06	9.4e-06	"2.0e-06"	"****"	"Wilcoxon"	0.601593564170998	0.291063064193588	0.524391038016038	0.276561142666861	0.0772025261549598	0.279151747098313
"Lepisosteus_oculatus"	"liver"	"muscle"	NA	"Mean_Local_Rank_Log2CV"	"other"	"liver"	8.28229838994667e-10	7.5e-09	"8.3e-10"	"****"	"Wilcoxon"	0.628148556719985	0.289610609282162	0.513453463203463	0.26736449171407	0.114695093516522	0.428984016468355
"Lepisosteus_oculatus"	"liver"	"gills"	NA	"Mean_Local_Rank_Log2CV"	"other"	"liver"	2.11157084782576e-09	1.5e-08	"2.1e-09"	"****"	"Wilcoxon"	0.583894628099174	0.284750595789071	0.504371190992666	0.261472063936557	0.0795234371065076	0.304137413034698
"Lepisosteus_oculatus"	"liver"	"pectoral_fin"	NA	"Mean_Local_Rank_Log2CV"	"other"	"liver"	1.1641385963472e-05	4.9e-05	"1.2e-05"	"****"	"Wilcoxon"	0.577065137666441	0.29347303769319	0.513218810130532	0.273731435473228	0.0638463275359089	0.233244411353526
"Lepisosteus_oculatus"	"liver"	"gonads"	NA	"Mean_Local_Rank_Log2CV"	"other"	"liver"	0.232000115610078	0.32	"0.2320"	"ns"	"Wilcoxon"	0.501230015082956	0.247469363608848	0.487200629425649	0.24703405685984	0.0140293856573072	0.0567913017162124
"Lepisosteus_oculatus"	"muscle"	"brain"	NA	"Mean_Local_Rank_Log2CV"	"other"	"muscle"	0.0826827295782221	0.14	"0.0827"	"ns"	"Wilcoxon"	0.550449404438652	0.2850037564505	0.519359340645172	0.285304920280538	0.0310900637934796	0.108971355148411
"Lepisosteus_oculatus"	"muscle"	"eye"	NA	"Mean_Local_Rank_Log2CV"	"other"	"muscle"	0.885485944405203	0.92	"0.8855"	"ns"	"Wilcoxon"	0.53897989656323	0.266184911004224	0.535168104681777	0.280355366735557	0.00381179188145331	0.0135962864768298
"Lepisosteus_oculatus"	"muscle"	"intestine"	NA	"Mean_Local_Rank_Log2CV"	"other"	"muscle"	0.568478149469104	0.69	"0.5685"	"ns"	"Wilcoxon"	0.556083243323628	0.292952695632865	0.545726631879865	0.286754099429109	0.0103566114437633	0.0361166988174956
"Lepisosteus_oculatus"	"muscle"	"liver"	NA	"Mean_Local_Rank_Log2CV"	"other"	"muscle"	0.0777256590344427	0.14	"0.0777"	"ns"	"Wilcoxon"	0.567018652622339	0.272532911161541	0.532587814593518	0.274488434809816	0.0344308380288213	0.125436388796042
"Lepisosteus_oculatus"	"muscle"	"heart"	NA	"Mean_Local_Rank_Log2CV"	"other"	"muscle"	0.114034975641005	0.19	"0.1140"	"ns"	"Wilcoxon"	0.56030483276644	0.278405830602276	0.532518014232084	0.280208634974585	0.0277868185343562	0.0991647474992211
"Lepisosteus_oculatus"	"muscle"	"muscle"	NA	NA	NA	NA	NA	NA	NA	NA	NA	NA	NA	NA	NA	NA	NA
"Lepisosteus_oculatus"	"muscle"	"gills"	NA	"Mean_Local_Rank_Log2CV"	"other"	"muscle"	0.00596686339152746	0.013	"0.0060"	"**"	"Wilcoxon"	0.474543663471779	0.261416165090965	0.518445752403375	0.26608107767142	-0.043902088931596	-0.164995156047174
"Lepisosteus_oculatus"	"muscle"	"pectoral_fin"	NA	"Mean_Local_Rank_Log2CV"	"other"	"muscle"	0.999568854742307	1	"0.9996"	"ns"	"Wilcoxon"	0.521011698082011	0.288593900100053	0.521791805094131	0.276135132571565	-0.000780107012120168	-0.00282509148638662
"Lepisosteus_oculatus"	"muscle"	"gonads"	NA	"Mean_Local_Rank_Log2CV"	"other"	"muscle"	0.128072166963546	0.2	"0.1281"	"ns"	"Wilcoxon"	0.469106666666667	0.2456109819826	0.491533407848982	0.247217260561911	-0.022426741182315	-0.0907167288050203
"Lepisosteus_oculatus"	"pectoral_fin"	"brain"	NA	"Mean_Local_Rank_Log2CV"	"other"	"pectoral_fin"	0.00443515840911889	0.012	"0.0044"	"**"	"Wilcoxon"	0.567340922774544	0.288807968946521	0.517440435109055	0.284638448612495	0.0499004876654888	0.175311831232691
"Lepisosteus_oculatus"	"pectoral_fin"	"eye"	NA	"Mean_Local_Rank_Log2CV"	"other"	"pectoral_fin"	5.08947189338678e-13	7.3e-12	"5.1e-13"	"****"	"Wilcoxon"	0.630500933103646	0.273427617197425	0.524287079054794	0.277622816389402	0.106213854048852	0.382583302879087
"Lepisosteus_oculatus"	"pectoral_fin"	"intestine"	NA	"Mean_Local_Rank_Log2CV"	"other"	"pectoral_fin"	0.0543271998553367	0.11	"0.0543"	"ns"	"Wilcoxon"	0.57712868425281	0.288881950405503	0.542874287425397	0.286915323482398	0.0342543968274136	0.119388523455824
"Lepisosteus_oculatus"	"pectoral_fin"	"liver"	NA	"Mean_Local_Rank_Log2CV"	"other"	"pectoral_fin"	0.00739479182235384	0.016	"0.0074"	"**"	"Wilcoxon"	0.580388176638177	0.284788213506819	0.530551743943191	0.272625359575975	0.0498364326949854	0.182801896245081
"Lepisosteus_oculatus"	"pectoral_fin"	"heart"	NA	"Mean_Local_Rank_Log2CV"	"other"	"pectoral_fin"	0.00468288563441268	0.012	"0.0047"	"**"	"Wilcoxon"	0.584558575642646	0.295207471494856	0.530563739470588	0.277897193148812	0.0539948361720587	0.194297882465998
"Lepisosteus_oculatus"	"pectoral_fin"	"muscle"	NA	"Mean_Local_Rank_Log2CV"	"other"	"pectoral_fin"	0.206579663191678	0.3	"0.2066"	"ns"	"Wilcoxon"	0.509687312687313	0.254061421109902	0.53788366412801	0.277524280480901	-0.0281963514406971	-0.101599583978158
"Lepisosteus_oculatus"	"pectoral_fin"	"gills"	NA	"Mean_Local_Rank_Log2CV"	"other"	"pectoral_fin"	1.31228531321284e-06	6.7e-06	"1.3e-06"	"****"	"Wilcoxon"	0.57020806566738	0.265608832778075	0.506758220304151	0.265069861926411	0.0634498453632292	0.239370273565254
"Lepisosteus_oculatus"	"pectoral_fin"	"pectoral_fin"	NA	NA	NA	NA	NA	NA	NA	NA	NA	NA	NA	NA	NA	NA	NA
"Lepisosteus_oculatus"	"pectoral_fin"	"gonads"	NA	"Mean_Local_Rank_Log2CV"	"other"	"pectoral_fin"	0.075509918239809	0.14	"0.0755"	"ns"	"Wilcoxon"	0.511114994934144	0.231780239235815	0.486572818581293	0.24884881477968	0.0245421763528508	0.0986228380254869
