"GOID"	"Direction"	"TERM"	"ONTOLOGY"	"MeanPvalue"	"MeanFDR"	"NConditions"	"EnrichmentTest"
"GO:0000003"	"Up"	"reproduction"	"BP"	1.79828778355219e-06	0.000222755708367247	2	"cameraPR"
"GO:0000146"	"Up"	"microfilament motor activity"	"MF"	0.00252141778203218	0.035340078582797	1	"cameraPR"
"GO:0000271"	"Up"	"polysaccharide biosynthetic process"	"BP"	0.000407026715938479	0.0177914810292145	1	"cameraPR"
"GO:0000794"	"Up"	"condensed nuclear chromosome"	"CC"	0.000613875459740738	0.0234435807151515	1	"cameraPR"
"GO:0001518"	"Up"	"voltage-gated sodium channel complex"	"CC"	0.000222999844603466	0.0224734287839271	1	"cameraPR"
"GO:0001653"	"Up"	"peptide receptor activity"	"MF"	0.000588583206045973	0.023741697239746	3	"cameraPR"
"GO:0001664"	"Up"	"G protein-coupled receptor binding"	"MF"	0.00206411041920438	0.0430982859158743	2	"cameraPR"
"GO:0001704"	"Up"	"formation of primary germ layer"	"BP"	0.000689066747403605	0.025182393670476	1	"cameraPR"
"GO:0001706"	"Up"	"endoderm formation"	"BP"	0.000606950947994863	0.0239349786883192	1	"cameraPR"
"GO:0001775"	"Up"	"cell activation"	"BP"	0.00157576224933824	0.04166096948487	1	"cameraPR"
"GO:0001819"	"Up"	"positive regulation of cytokine production"	"BP"	0.000946386414627347	0.0195624318497279	1	"cameraPR"
"GO:0001936"	"Up"	"regulation of endothelial cell proliferation"	"BP"	0.00155837234712799	0.0445179124045696	1	"cameraPR"
"GO:0002237"	"Up"	"response to molecule of bacterial origin"	"BP"	0.000964911741974125	0.0196807661373174	1	"cameraPR"
"GO:0002250"	"Up"	"adaptive immune response"	"BP"	0.000476883752694364	0.0129535477458186	2	"cameraPR"
"GO:0002252"	"Up"	"immune effector process"	"BP"	0.000243029186331844	0.00880542584565872	3	"cameraPR"
"GO:0002253"	"Up"	"activation of immune response"	"BP"	0.000262628333509438	0.00933431892316509	4	"cameraPR"
"GO:0002429"	"Up"	"immune response-activating cell surface receptor signaling pathway"	"BP"	0.00367173482098379	0.0448520334361253	1	"cameraPR"
"GO:0002449"	"Up"	"lymphocyte mediated immunity"	"BP"	0.00406409792566808	0.0477169814703035	1	"cameraPR"
"GO:0002455"	"Up"	"humoral immune response mediated by circulating immunoglobulin"	"BP"	0.00338356208207139	0.042637553758347	1	"cameraPR"
"GO:0002460"	"Up"	"adaptive immune response based on somatic recombination of immune receptors built from immunoglobulin superfamily domains"	"BP"	0.00191198990595605	0.0306980307933929	1	"cameraPR"
"GO:0002548"	"Up"	"monocyte chemotaxis"	"BP"	0.000433812749613216	0.0224278054883473	5	"cameraPR"
"GO:0002682"	"Up"	"regulation of immune system process"	"BP"	1.65603964732986e-05	0.00135180216121421	2	"cameraPR"
"GO:0002684"	"Up"	"positive regulation of immune system process"	"BP"	0.000297189176628983	0.00918676678820535	3	"cameraPR"
"GO:0002694"	"Up"	"regulation of leukocyte activation"	"BP"	0.00268929813398671	0.0455107387951139	2	"cameraPR"
"GO:0002695"	"Up"	"negative regulation of leukocyte activation"	"BP"	3.24331846529381e-05	0.00213941079856108	1	"cameraPR"
"GO:0002697"	"Up"	"regulation of immune effector process"	"BP"	0.000831727204122635	0.0192153183391155	2	"cameraPR"
"GO:0002700"	"Up"	"regulation of production of molecular mediator of immune response"	"BP"	0.00267983522681071	0.0367978850633369	1	"cameraPR"
"GO:0003006"	"Up"	"developmental process involved in reproduction"	"BP"	4.75038609810618e-07	7.07036828758575e-05	2	"cameraPR"
"GO:0003009"	"Up"	"skeletal muscle contraction"	"BP"	0.000223459543117752	0.00814523282084868	9	"cameraPR"
"GO:0003012"	"Up"	"muscle system process"	"BP"	0.000176429036371566	0.0128371601086039	8	"cameraPR"
"GO:0003044"	"Up"	"regulation of systemic arterial blood pressure mediated by a chemical signal"	"BP"	0.000280315173994923	0.0462265205115264	1	"cameraPR"
"GO:0003810"	"Up"	"protein-glutamine gamma-glutamyltransferase activity"	"MF"	0.00258664478922146	0.0358181194476925	1	"cameraPR"
"GO:0003823"	"Up"	"antigen binding"	"MF"	0.00177931031264431	0.0309715579778661	2	"cameraPR"
"GO:0004252"	"Up"	"serine-type endopeptidase activity"	"MF"	0.000519302258266643	0.0213919102697088	3	"cameraPR"
"GO:0004497"	"Up"	"monooxygenase activity"	"MF"	8.34476240843816e-05	0.00737514689121442	4	"cameraPR"
"GO:0004553"	"Up"	"hydrolase activity, hydrolyzing O-glycosyl compounds"	"MF"	6.38681609368493e-05	0.00386189479798149	1	"cameraPR"
"GO:0004806"	"Up"	"triglyceride lipase activity"	"MF"	9.57396468531016e-05	0.00570072579110837	2	"cameraPR"
"GO:0004857"	"Up"	"enzyme inhibitor activity"	"MF"	0.000746004125563052	0.0261603300223156	3	"cameraPR"
"GO:0004866"	"Up"	"endopeptidase inhibitor activity"	"MF"	0.000151960753091264	0.00838868034330351	11	"cameraPR"
"GO:0004867"	"Up"	"serine-type endopeptidase inhibitor activity"	"MF"	0.000415315498501263	0.0181970696081841	10	"cameraPR"
"GO:0004869"	"Up"	"cysteine-type endopeptidase inhibitor activity"	"MF"	0.000464110701737275	0.0306144295618697	1	"cameraPR"
"GO:0004896"	"Up"	"cytokine receptor activity"	"MF"	0.000258732500677606	0.0120343783648507	1	"cameraPR"
"GO:0004953"	"Up"	"icosanoid receptor activity"	"MF"	0.00351944218534045	0.0436674577723429	1	"cameraPR"
"GO:0005125"	"Up"	"cytokine activity"	"MF"	8.73337948262743e-05	0.00723246307475072	6	"cameraPR"
"GO:0005126"	"Up"	"cytokine receptor binding"	"MF"	0.000118371204668503	0.00636417702532384	5	"cameraPR"
"GO:0005179"	"Up"	"hormone activity"	"MF"	0.000203667718516559	0.0146829447276333	5	"cameraPR"
"GO:0005184"	"Up"	"neuropeptide hormone activity"	"MF"	1.43672318072342e-06	0.000868738616610764	1	"cameraPR"
"GO:0005200"	"Up"	"structural constituent of cytoskeleton"	"MF"	0.000316994443352373	0.0253189721872552	2	"cameraPR"
"GO:0005201"	"Up"	"extracellular matrix structural constituent"	"MF"	5.64081538215886e-05	0.00552314618015512	6	"cameraPR"
"GO:0005212"	"Up"	"structural constituent of eye lens"	"MF"	0.000343458528248023	0.031008731251901	2	"cameraPR"
"GO:0005342"	"Up"	"organic acid transmembrane transporter activity"	"MF"	3.6229469676708e-05	0.00850994264735594	2	"cameraPR"
"GO:0005343"	"Up"	"organic acid:sodium symporter activity"	"MF"	5.93458947533546e-05	0.0136772518343461	1	"cameraPR"
"GO:0005344"	"Up"	"oxygen carrier activity"	"MF"	0.00041141832857248	0.0271386490192902	1	"cameraPR"
"GO:0005501"	"Up"	"retinoid binding"	"MF"	0.000223368570850133	0.0318598489620424	1	"cameraPR"
"GO:0005506"	"Up"	"iron ion binding"	"MF"	0.000464003640423236	0.0193938033152064	3	"cameraPR"
"GO:0005520"	"Up"	"insulin-like growth factor binding"	"MF"	0.000409415095310401	0.0266289620225056	2	"cameraPR"
"GO:0005539"	"Up"	"glycosaminoglycan binding"	"MF"	0.00208172415396401	0.0431839004917543	2	"cameraPR"
"GO:0005581"	"Up"	"collagen trimer"	"CC"	0.000977170642488503	0.0305618542323128	1	"cameraPR"
"GO:0005746"	"Up"	"mitochondrial respirasome"	"CC"	0.000191015291013794	0.0183669261433738	5	"cameraPR"
"GO:0005747"	"Up"	"mitochondrial respiratory chain complex I"	"CC"	0.000122674111120956	0.015377630629185	5	"cameraPR"
"GO:0005861"	"Up"	"troponin complex"	"CC"	2.82204651782577e-05	0.00322118877385548	9	"cameraPR"
"GO:0005865"	"Up"	"striated muscle thin filament"	"CC"	0.000136950491159481	0.00756000546695723	9	"cameraPR"
"GO:0005882"	"Up"	"intermediate filament"	"CC"	0.000349118847446078	0.0105550264877864	1	"cameraPR"
"GO:0005884"	"Up"	"actin filament"	"CC"	0.00281209098112758	0.037501685280565	1	"cameraPR"
"GO:0005923"	"Up"	"bicellular tight junction"	"CC"	0.0041812026026339	0.0483102007718337	1	"cameraPR"
"GO:0005978"	"Up"	"glycogen biosynthetic process"	"BP"	0.000577854068348479	0.0232939395552032	1	"cameraPR"
"GO:0005996"	"Up"	"monosaccharide metabolic process"	"BP"	0.000895068572025678	0.0291316289051418	2	"cameraPR"
"GO:0006066"	"Up"	"alcohol metabolic process"	"BP"	0.00117215203806311	0.0298668061985798	1	"cameraPR"
"GO:0006082"	"Up"	"organic acid metabolic process"	"BP"	0.00237643543400959	0.0492669014547817	1	"cameraPR"
"GO:0006119"	"Up"	"oxidative phosphorylation"	"BP"	8.89815286854878e-05	0.018989705062997	1	"cameraPR"
"GO:0006144"	"Up"	"purine nucleobase metabolic process"	"BP"	0.000995186948408187	0.0318037913663655	2	"cameraPR"
"GO:0006364"	"Up"	"rRNA processing"	"BP"	0.000237680966582541	0.0374915889896286	1	"cameraPR"
"GO:0006575"	"Up"	"cellular modified amino acid metabolic process"	"BP"	0.00115461592599357	0.0451593206077034	1	"cameraPR"
"GO:0006636"	"Up"	"unsaturated fatty acid biosynthetic process"	"BP"	0.000424820465678848	0.0167527027117702	1	"cameraPR"
"GO:0006638"	"Up"	"neutral lipid metabolic process"	"BP"	0.000101705113551886	0.00585692304708319	1	"cameraPR"
"GO:0006639"	"Up"	"acylglycerol metabolic process"	"BP"	0.000101705113551886	0.00585692304708319	1	"cameraPR"
"GO:0006641"	"Up"	"triglyceride metabolic process"	"BP"	0.00028146095721188	0.0118646214254318	2	"cameraPR"
"GO:0006665"	"Up"	"sphingolipid metabolic process"	"BP"	0.00103052747075203	0.0287596435683721	1	"cameraPR"
"GO:0006672"	"Up"	"ceramide metabolic process"	"BP"	0.000213807381932259	0.0102037952292313	1	"cameraPR"
"GO:0006687"	"Up"	"glycosphingolipid metabolic process"	"BP"	0.000308905312281612	0.0124523163661965	1	"cameraPR"
"GO:0006694"	"Up"	"steroid biosynthetic process"	"BP"	3.70255516148621e-05	0.00480306346517344	8	"cameraPR"
"GO:0006695"	"Up"	"cholesterol biosynthetic process"	"BP"	0.000301685341372872	0.0101054337561098	5	"cameraPR"
"GO:0006749"	"Up"	"glutathione metabolic process"	"BP"	0.00146508269034788	0.0495699159201718	1	"cameraPR"
"GO:0006805"	"Up"	"xenobiotic metabolic process"	"BP"	0.000185154337782361	0.0102916433571636	3	"cameraPR"
"GO:0006935"	"Up"	"chemotaxis"	"BP"	0.00161468500452292	0.0276324396057035	1	"cameraPR"
"GO:0006936"	"Up"	"muscle contraction"	"BP"	0.000184452899023906	0.0122680504892612	8	"cameraPR"
"GO:0006937"	"Up"	"regulation of muscle contraction"	"BP"	0.000135823801875144	0.0117016074407277	7	"cameraPR"
"GO:0006941"	"Up"	"striated muscle contraction"	"BP"	9.31224112680736e-05	0.00413540139533854	9	"cameraPR"
"GO:0006952"	"Up"	"defense response"	"BP"	0.000402971378557769	0.0149090205851702	3	"cameraPR"
"GO:0006954"	"Up"	"inflammatory response"	"BP"	0.000253858690101413	0.0148099688060519	5	"cameraPR"
"GO:0006955"	"Up"	"immune response"	"BP"	0.000517512080480411	0.0238182202675392	8	"cameraPR"
"GO:0006956"	"Up"	"complement activation"	"BP"	0.000173254789209289	0.0113663369054042	10	"cameraPR"
"GO:0006958"	"Up"	"complement activation, classical pathway"	"BP"	0.00338356208207139	0.042637553758347	1	"cameraPR"
"GO:0006959"	"Up"	"humoral immune response"	"BP"	0.000109420350014755	0.00930030867619302	10	"cameraPR"
"GO:0007043"	"Up"	"cell-cell junction assembly"	"BP"	0.00133246501141232	0.0243486659676637	1	"cameraPR"
"GO:0007155"	"Up"	"cell adhesion"	"BP"	0.000789155867886534	0.0173878309632225	1	"cameraPR"
"GO:0007159"	"Up"	"leukocyte cell-cell adhesion"	"BP"	0.000546907459117715	0.0138753864453082	1	"cameraPR"
"GO:0007218"	"Up"	"neuropeptide signaling pathway"	"BP"	3.66887620860617e-05	0.00503708348564195	2	"cameraPR"
"GO:0007276"	"Up"	"gamete generation"	"BP"	2.06891797561016e-05	0.00270329613305539	3	"cameraPR"
"GO:0007281"	"Up"	"germ cell development"	"BP"	4.40467820905639e-06	0.00133188248605411	3	"cameraPR"
"GO:0007283"	"Up"	"spermatogenesis"	"BP"	0.00021515548931356	0.0100430287551628	2	"cameraPR"
"GO:0007292"	"Up"	"female gamete generation"	"BP"	1.27059615104469e-07	9.22423125701522e-05	3	"cameraPR"
"GO:0007338"	"Up"	"single fertilization"	"BP"	0.000194890686132437	0.0122003689097538	3	"cameraPR"
"GO:0007339"	"Up"	"binding of sperm to zona pellucida"	"BP"	7.50587658213932e-05	0.00644413621480605	7	"cameraPR"
"GO:0007492"	"Up"	"endoderm development"	"BP"	0.00108765257950845	0.0319484548797804	1	"cameraPR"
"GO:0007548"	"Up"	"sex differentiation"	"BP"	0.000336832073621617	0.0150867501617188	1	"cameraPR"
"GO:0007596"	"Up"	"blood coagulation"	"BP"	0.00137433557161162	0.0213421482725367	3	"cameraPR"
"GO:0007599"	"Up"	"hemostasis"	"BP"	0.00101676866216327	0.0165183772751279	3	"cameraPR"
"GO:0007600"	"Up"	"sensory perception"	"BP"	0.000598290989801199	0.0370283574976348	1	"cameraPR"
"GO:0007601"	"Up"	"visual perception"	"BP"	1.91736799447678e-05	0.00478242144864989	1	"cameraPR"
"GO:0007631"	"Up"	"feeding behavior"	"BP"	9.73007418426899e-05	0.0235338060936853	1	"cameraPR"
"GO:0008009"	"Up"	"chemokine activity"	"MF"	3.32029522654765e-05	0.00468193093467968	8	"cameraPR"
"GO:0008028"	"Up"	"monocarboxylic acid transmembrane transporter activity"	"MF"	0.000655202815578577	0.0199100700792262	3	"cameraPR"
"GO:0008202"	"Up"	"steroid metabolic process"	"BP"	0.000112271644054237	0.00758427720307127	6	"cameraPR"
"GO:0008203"	"Up"	"cholesterol metabolic process"	"BP"	0.00026836149511669	0.0160520521165185	6	"cameraPR"
"GO:0008217"	"Up"	"regulation of blood pressure"	"BP"	0.000418357939885053	0.0166791495154173	1	"cameraPR"
"GO:0008236"	"Up"	"serine-type peptidase activity"	"MF"	0.00154882356498613	0.0388547722409721	2	"cameraPR"
"GO:0008376"	"Up"	"acetylgalactosaminyltransferase activity"	"MF"	0.00181056602906699	0.029857879788432	1	"cameraPR"
"GO:0008395"	"Up"	"steroid hydroxylase activity"	"MF"	0.000126949155636456	0.0115929514421376	4	"cameraPR"
"GO:0008406"	"Up"	"gonad development"	"BP"	0.0016005994010114	0.0483914552239113	1	"cameraPR"
"GO:0008509"	"Up"	"anion transmembrane transporter activity"	"MF"	0.00074216857928932	0.022818539031031	1	"cameraPR"
"GO:0008514"	"Up"	"organic anion transmembrane transporter activity"	"MF"	0.000253990447988545	0.0113762635222524	1	"cameraPR"
"GO:0008528"	"Up"	"G protein-coupled peptide receptor activity"	"MF"	0.000422247401895609	0.0202651314499997	3	"cameraPR"
"GO:0008610"	"Up"	"lipid biosynthetic process"	"BP"	5.25206165753689e-05	0.0272206852764912	1	"cameraPR"
"GO:0009063"	"Up"	"cellular amino acid catabolic process"	"BP"	0.000630773251425626	0.0241872440327217	2	"cameraPR"
"GO:0009072"	"Up"	"aromatic amino acid family metabolic process"	"BP"	0.00047998292882687	0.0215684354763777	4	"cameraPR"
"GO:0009074"	"Up"	"aromatic amino acid family catabolic process"	"BP"	0.000754387997834213	0.0279417899720818	4	"cameraPR"
"GO:0009112"	"Up"	"nucleobase metabolic process"	"BP"	0.00119770081799256	0.0299673004667379	1	"cameraPR"
"GO:0009250"	"Up"	"glucan biosynthetic process"	"BP"	0.000577854068348479	0.0232939395552032	1	"cameraPR"
"GO:0009410"	"Up"	"response to xenobiotic stimulus"	"BP"	0.000216563459936828	0.0102037952292313	1	"cameraPR"
"GO:0009566"	"Up"	"fertilization"	"BP"	0.000140497014073007	0.00948717504690369	3	"cameraPR"
"GO:0009607"	"Up"	"response to biotic stimulus"	"BP"	0.000427747902360173	0.0153119391592882	4	"cameraPR"
"GO:0009611"	"Up"	"response to wounding"	"BP"	0.00100022445495968	0.0287977314437978	2	"cameraPR"
"GO:0009617"	"Up"	"response to bacterium"	"BP"	1.15001602211863e-05	0.00104131300538103	2	"cameraPR"
"GO:0009725"	"Up"	"response to hormone"	"BP"	0.00177627132791954	0.0484534765240007	1	"cameraPR"
"GO:0009897"	"Up"	"external side of plasma membrane"	"CC"	0.000642256146103869	0.0276996597577215	5	"cameraPR"
"GO:0009914"	"Up"	"hormone transport"	"BP"	0.00212920653544219	0.0454397724152015	1	"cameraPR"
"GO:0009986"	"Up"	"cell surface"	"CC"	0.00249233057555821	0.035340078582797	1	"cameraPR"
"GO:0009988"	"Up"	"cell-cell recognition"	"BP"	9.23240421144293e-05	0.0075756212973244	6	"cameraPR"
"GO:0009994"	"Up"	"oocyte differentiation"	"BP"	9.27348646379138e-05	0.00477289422813318	2	"cameraPR"
"GO:0010466"	"Up"	"negative regulation of peptidase activity"	"BP"	0.00044484779954979	0.0164088638071372	9	"cameraPR"
"GO:0010951"	"Up"	"negative regulation of endopeptidase activity"	"BP"	0.000270416887078077	0.0143669552768211	6	"cameraPR"
"GO:0015081"	"Up"	"sodium ion transmembrane transporter activity"	"MF"	5.87677171600946e-05	0.0153433434485748	1	"cameraPR"
"GO:0015144"	"Up"	"carbohydrate transmembrane transporter activity"	"MF"	0.000891693063722829	0.0311063695691002	1	"cameraPR"
"GO:0015267"	"Up"	"channel activity"	"MF"	0.00212308719864859	0.0329169246012697	1	"cameraPR"
"GO:0015276"	"Up"	"ligand-gated ion channel activity"	"MF"	0.00111723084389901	0.021792008073471	1	"cameraPR"
"GO:0015291"	"Up"	"secondary active transmembrane transporter activity"	"MF"	0.000443954796777498	0.0166048247701934	1	"cameraPR"
"GO:0015293"	"Up"	"symporter activity"	"MF"	0.000198766839645224	0.0155285862259949	2	"cameraPR"
"GO:0015370"	"Up"	"solute:sodium symporter activity"	"MF"	0.000514237879993809	0.0258961634209847	4	"cameraPR"
"GO:0015671"	"Up"	"oxygen transport"	"BP"	0.00041141832857248	0.0271386490192902	1	"cameraPR"
"GO:0015711"	"Up"	"organic anion transport"	"BP"	0.00188053524625381	0.0413489810509625	1	"cameraPR"
"GO:0015718"	"Up"	"monocarboxylic acid transport"	"BP"	0.000633028093549375	0.0240197624892693	1	"cameraPR"
"GO:0015849"	"Up"	"organic acid transport"	"BP"	0.000763084054325507	0.0232644449503608	1	"cameraPR"
"GO:0016042"	"Up"	"lipid catabolic process"	"BP"	0.000186610629207828	0.0091489643617027	1	"cameraPR"
"GO:0016051"	"Up"	"carbohydrate biosynthetic process"	"BP"	0.00151853516378226	0.0437241712238256	1	"cameraPR"
"GO:0016054"	"Up"	"organic acid catabolic process"	"BP"	0.00034037946816292	0.0191959935963279	2	"cameraPR"
"GO:0016125"	"Up"	"sterol metabolic process"	"BP"	0.000198559968784708	0.0103014231689911	5	"cameraPR"
"GO:0016126"	"Up"	"sterol biosynthetic process"	"BP"	9.60309852241141e-05	0.0066163785774823	7	"cameraPR"
"GO:0016298"	"Up"	"lipase activity"	"MF"	0.00029133649870457	0.0138376490647625	1	"cameraPR"
"GO:0016411"	"Up"	"acylglycerol O-acyltransferase activity"	"MF"	0.000873672305677939	0.0307736225728113	1	"cameraPR"
"GO:0016528"	"Up"	"sarcoplasm"	"CC"	6.60826703588265e-05	0.00946442353428789	2	"cameraPR"
"GO:0016529"	"Up"	"sarcoplasmic reticulum"	"CC"	4.53586083175395e-05	0.0049849498109475	2	"cameraPR"
"GO:0016584"	"Up"	"nucleosome positioning"	"BP"	0.000468545256562555	0.0298224945755956	1	"cameraPR"
"GO:0016705"	"Up"	"oxidoreductase activity, acting on paired donors, with incorporation or reduction of molecular oxygen"	"MF"	0.000104099967536711	0.00900697834682518	3	"cameraPR"
"GO:0016712"	"Up"	"oxidoreductase activity, acting on paired donors, with incorporation or reduction of molecular oxygen, reduced flavin or flavoprotein as one donor, and incorporation of one atom of oxygen"	"MF"	9.20313392516816e-06	0.000669666491574727	2	"cameraPR"
"GO:0016755"	"Up"	"transferase activity, transferring amino-acyl groups"	"MF"	0.00148386095019067	0.0261332404237464	1	"cameraPR"
"GO:0016798"	"Up"	"hydrolase activity, acting on glycosyl bonds"	"MF"	0.00023540082654025	0.0107981428115187	1	"cameraPR"
"GO:0017144"	"Up"	"drug metabolic process"	"BP"	0.00021316018507161	0.0123660079800986	3	"cameraPR"
"GO:0017171"	"Up"	"serine hydrolase activity"	"MF"	0.00154882356498613	0.0388547722409721	2	"cameraPR"
"GO:0018108"	"Up"	"peptidyl-tyrosine phosphorylation"	"BP"	0.00249443957826795	0.049590990062365	1	"cameraPR"
"GO:0018149"	"Up"	"peptide cross-linking"	"BP"	0.00211959457779028	0.0379746854644088	2	"cameraPR"
"GO:0019200"	"Up"	"carbohydrate kinase activity"	"MF"	0.00137532145536238	0.0328267515793074	1	"cameraPR"
"GO:0019221"	"Up"	"cytokine-mediated signaling pathway"	"BP"	0.000134049838728864	0.00771956849060823	1	"cameraPR"
"GO:0019318"	"Up"	"hexose metabolic process"	"BP"	0.000402144394400014	0.01618973473556	2	"cameraPR"
"GO:0019825"	"Up"	"oxygen binding"	"MF"	0.00041141832857248	0.0271386490192902	1	"cameraPR"
"GO:0019838"	"Up"	"growth factor binding"	"MF"	0.000681792623532998	0.0231172302633432	1	"cameraPR"
"GO:0019840"	"Up"	"isoprenoid binding"	"MF"	0.000223368570850133	0.0318598489620424	1	"cameraPR"
"GO:0019882"	"Up"	"antigen processing and presentation"	"BP"	0.00083478751616205	0.0189082279043132	3	"cameraPR"
"GO:0019953"	"Up"	"sexual reproduction"	"BP"	7.30034252827603e-05	0.00616421714484441	3	"cameraPR"
"GO:0019955"	"Up"	"cytokine binding"	"MF"	0.000565200878818617	0.023671327437032	2	"cameraPR"
"GO:0020037"	"Up"	"heme binding"	"MF"	0.000243347199222732	0.0179528563823976	5	"cameraPR"
"GO:0022407"	"Up"	"regulation of cell-cell adhesion"	"BP"	0.0037673531520171	0.0450573135437249	1	"cameraPR"
"GO:0022408"	"Up"	"negative regulation of cell-cell adhesion"	"BP"	0.00375377679571496	0.0450573135437249	1	"cameraPR"
"GO:0022412"	"Up"	"cellular process involved in reproduction in multicellular organism"	"BP"	2.26693201429229e-07	0.000102888405080126	3	"cameraPR"
"GO:0022414"	"Up"	"reproductive process"	"BP"	1.61476293916757e-06	0.000207396126983149	2	"cameraPR"
"GO:0022610"	"Up"	"biological adhesion"	"BP"	0.000789155867886534	0.0173878309632225	1	"cameraPR"
"GO:0022803"	"Up"	"passive transmembrane transporter activity"	"MF"	0.00212308719864859	0.0329169246012697	1	"cameraPR"
"GO:0022804"	"Up"	"active transmembrane transporter activity"	"MF"	0.000792898400505437	0.0239719616419477	1	"cameraPR"
"GO:0022834"	"Up"	"ligand-gated channel activity"	"MF"	0.00111723084389901	0.021792008073471	1	"cameraPR"
"GO:0022853"	"Up"	"active ion transmembrane transporter activity"	"MF"	0.00207222488730853	0.0447501898283056	1	"cameraPR"
"GO:0022900"	"Up"	"electron transport chain"	"BP"	0.000121829901978536	0.0232630991777962	1	"cameraPR"
"GO:0030016"	"Up"	"myofibril"	"CC"	7.94025721238528e-05	0.00907368766400672	9	"cameraPR"
"GO:0030017"	"Up"	"sarcomere"	"CC"	8.20541361939317e-05	0.00722209995488698	9	"cameraPR"
"GO:0030018"	"Up"	"Z disc"	"CC"	0.000228481707878475	0.0113895362942295	4	"cameraPR"
"GO:0030149"	"Up"	"sphingolipid catabolic process"	"BP"	0.00250141984052172	0.049590990062365	1	"cameraPR"
"GO:0030198"	"Up"	"extracellular matrix organization"	"BP"	0.00142159195021875	0.0381935042586916	3	"cameraPR"
"GO:0030199"	"Up"	"collagen fibril organization"	"BP"	0.00127580471069965	0.0361610897688931	1	"cameraPR"
"GO:0030215"	"Up"	"semaphorin receptor binding"	"MF"	0.00415414244983747	0.0483052205384946	1	"cameraPR"
"GO:0030239"	"Up"	"myofibril assembly"	"BP"	0.000956471452314435	0.0380720969525821	1	"cameraPR"
"GO:0030246"	"Up"	"carbohydrate binding"	"MF"	0.000528010629057051	0.0197646675938539	2	"cameraPR"
"GO:0030247"	"Up"	"polysaccharide binding"	"MF"	0.00147442517464978	0.0347351593092818	1	"cameraPR"
"GO:0030261"	"Up"	"chromosome condensation"	"BP"	0.00094900441167368	0.0195624318497279	1	"cameraPR"
"GO:0030312"	"Up"	"external encapsulating structure"	"CC"	4.21424663179172e-05	0.00455633381431679	8	"cameraPR"
"GO:0030335"	"Up"	"positive regulation of cell migration"	"BP"	0.000927225009524655	0.0193331743365256	1	"cameraPR"
"GO:0030414"	"Up"	"peptidase inhibitor activity"	"MF"	6.20781378473677e-05	0.00425173882495633	10	"cameraPR"
"GO:0030545"	"Up"	"receptor regulator activity"	"MF"	0.000251666676744042	0.01438909481004	7	"cameraPR"
"GO:0030546"	"Up"	"signaling receptor activator activity"	"MF"	0.000199151331797452	0.0123633408616389	7	"cameraPR"
"GO:0030574"	"Up"	"collagen catabolic process"	"BP"	0.000181025716854151	0.0193055621973851	1	"cameraPR"
"GO:0030593"	"Up"	"neutrophil chemotaxis"	"BP"	0.000246224556808361	0.0120008225465356	3	"cameraPR"
"GO:0030595"	"Up"	"leukocyte chemotaxis"	"BP"	2.94018866500484e-05	0.00199222672143641	2	"cameraPR"
"GO:0030684"	"Up"	"preribosome"	"CC"	0.000276014478120563	0.0400552210648562	1	"cameraPR"
"GO:0030687"	"Up"	"preribosome, large subunit precursor"	"CC"	0.000221335437045513	0.0365002257091419	1	"cameraPR"
"GO:0030964"	"Up"	"NADH dehydrogenase complex"	"CC"	0.000122674111120956	0.015377630629185	5	"cameraPR"
"GO:0031012"	"Up"	"extracellular matrix"	"CC"	4.21424663179172e-05	0.00455633381431679	8	"cameraPR"
"GO:0031674"	"Up"	"I band"	"CC"	0.00022369198775129	0.0108144921793858	4	"cameraPR"
"GO:0031935"	"Up"	"regulation of chromatin silencing"	"BP"	0.000531878562619512	0.0295622713542855	1	"cameraPR"
"GO:0031936"	"Up"	"negative regulation of chromatin silencing"	"BP"	0.00126787301281077	0.0474210648502831	1	"cameraPR"
"GO:0032496"	"Up"	"response to lipopolysaccharide"	"BP"	0.000173942999257395	0.00685940436201989	1	"cameraPR"
"GO:0032504"	"Up"	"multicellular organism reproduction"	"BP"	3.34582001783741e-05	0.00357443188074035	3	"cameraPR"
"GO:0032943"	"Up"	"mononuclear cell proliferation"	"BP"	0.000288910544435001	0.0109671640210041	2	"cameraPR"
"GO:0032944"	"Up"	"regulation of mononuclear cell proliferation"	"BP"	0.000441453518515204	0.015486951717459	2	"cameraPR"
"GO:0032945"	"Up"	"negative regulation of mononuclear cell proliferation"	"BP"	0.000451180102589417	0.0120358927367236	1	"cameraPR"
"GO:0033293"	"Up"	"monocarboxylic acid binding"	"MF"	7.98798029727132e-05	0.0150595636427725	2	"cameraPR"
"GO:0033559"	"Up"	"unsaturated fatty acid metabolic process"	"BP"	6.32125290862139e-05	0.00477781365676634	1	"cameraPR"
"GO:0033692"	"Up"	"cellular polysaccharide biosynthetic process"	"BP"	9.9484982578294e-05	0.00591691011137788	1	"cameraPR"
"GO:0034097"	"Up"	"response to cytokine"	"BP"	0.00066901456612843	0.0253807203947556	2	"cameraPR"
"GO:0034308"	"Up"	"primary alcohol metabolic process"	"BP"	0.000211007144226118	0.0193055621973851	1	"cameraPR"
"GO:0034341"	"Up"	"response to interferon-gamma"	"BP"	0.000213154088059754	0.0141720248539365	5	"cameraPR"
"GO:0034637"	"Up"	"cellular carbohydrate biosynthetic process"	"BP"	4.82784838632002e-05	0.00354124208484725	1	"cameraPR"
"GO:0034706"	"Up"	"sodium channel complex"	"CC"	0.00028578637026885	0.0259208237833847	1	"cameraPR"
"GO:0034754"	"Up"	"cellular hormone metabolic process"	"BP"	0.000613537711479555	0.0307314307849632	1	"cameraPR"
"GO:0035025"	"Up"	"positive regulation of Rho protein signal transduction"	"BP"	0.000644134518112147	0.0365143754954823	1	"cameraPR"
"GO:0035036"	"Up"	"sperm-egg recognition"	"BP"	7.50587658213932e-05	0.00644413621480605	7	"cameraPR"
"GO:0035150"	"Up"	"regulation of tube size"	"BP"	8.33962790967093e-05	0.0189101062851788	1	"cameraPR"
"GO:0035296"	"Up"	"regulation of tube diameter"	"BP"	8.33962790967093e-05	0.0189101062851788	1	"cameraPR"
"GO:0035803"	"Up"	"egg coat formation"	"BP"	7.50587658213932e-05	0.00644413621480605	7	"cameraPR"
"GO:0036379"	"Up"	"myofilament"	"CC"	0.000136950491159481	0.00756000546695723	9	"cameraPR"
"GO:0040017"	"Up"	"positive regulation of locomotion"	"BP"	0.00125359479285554	0.0234435149921644	1	"cameraPR"
"GO:0042060"	"Up"	"wound healing"	"BP"	0.000482590375398938	0.0204723560836155	2	"cameraPR"
"GO:0042098"	"Up"	"T cell proliferation"	"BP"	0.000686075239818369	0.0204473470938674	2	"cameraPR"
"GO:0042129"	"Up"	"regulation of T cell proliferation"	"BP"	0.00118672964360822	0.0294221992903954	2	"cameraPR"
"GO:0042130"	"Up"	"negative regulation of T cell proliferation"	"BP"	0.00136601009225509	0.0244132247029628	1	"cameraPR"
"GO:0042273"	"Up"	"ribosomal large subunit biogenesis"	"BP"	3.25597645400652e-05	0.00843763041081119	1	"cameraPR"
"GO:0042330"	"Up"	"taxis"	"BP"	0.0039254647347914	0.0464182054701521	1	"cameraPR"
"GO:0042379"	"Up"	"chemokine receptor binding"	"MF"	3.32029522654765e-05	0.00468193093467968	8	"cameraPR"
"GO:0042446"	"Up"	"hormone biosynthetic process"	"BP"	4.18319419550383e-05	0.00753450056108478	1	"cameraPR"
"GO:0042493"	"Up"	"response to drug"	"BP"	0.000271622395195493	0.0126107143267622	3	"cameraPR"
"GO:0042611"	"Up"	"MHC protein complex"	"CC"	0.000393060325915812	0.0108113285839794	3	"cameraPR"
"GO:0042613"	"Up"	"MHC class II protein complex"	"CC"	0.000400913398206076	0.0113524042998685	3	"cameraPR"
"GO:0042632"	"Up"	"cholesterol homeostasis"	"BP"	0.000110120833799728	0.00596296097052855	1	"cameraPR"
"GO:0042737"	"Up"	"drug catabolic process"	"BP"	0.00021316018507161	0.0123660079800986	3	"cameraPR"
"GO:0042738"	"Up"	"exogenous drug catabolic process"	"BP"	0.00021316018507161	0.0123660079800986	3	"cameraPR"
"GO:0042742"	"Up"	"defense response to bacterium"	"BP"	0.00183578653349726	0.0300010519978742	1	"cameraPR"
"GO:0042743"	"Up"	"hydrogen peroxide metabolic process"	"BP"	0.000522229316555229	0.0400103758993773	1	"cameraPR"
"GO:0042773"	"Up"	"ATP synthesis coupled electron transport"	"BP"	0.000226912887789229	0.0395006161640885	1	"cameraPR"
"GO:0042775"	"Up"	"mitochondrial ATP synthesis coupled electron transport"	"BP"	5.90083600918998e-05	0.0189101062851788	1	"cameraPR"
"GO:0043062"	"Up"	"extracellular structure organization"	"BP"	0.00142159195021875	0.0381935042586916	3	"cameraPR"
"GO:0043186"	"Up"	"P granule"	"CC"	0.000188456713841379	0.0119840591557107	3	"cameraPR"
"GO:0043207"	"Up"	"response to external biotic stimulus"	"BP"	0.000460098297361443	0.015505629496834	4	"cameraPR"
"GO:0043292"	"Up"	"contractile fiber"	"CC"	9.48154169106074e-05	0.00948431005441511	9	"cameraPR"
"GO:0043408"	"Up"	"regulation of MAPK cascade"	"BP"	0.00199297898439276	0.0413305029441342	2	"cameraPR"
"GO:0043627"	"Up"	"response to estrogen"	"BP"	0.000176058902093472	0.0130428216540222	4	"cameraPR"
"GO:0043648"	"Up"	"dicarboxylic acid metabolic process"	"BP"	0.00101134341204658	0.0284430534798838	1	"cameraPR"
"GO:0044057"	"Up"	"regulation of system process"	"BP"	0.00064182984514204	0.0240197624892693	1	"cameraPR"
"GO:0044242"	"Up"	"cellular lipid catabolic process"	"BP"	3.17576727091227e-05	0.00256037414641549	1	"cameraPR"
"GO:0044282"	"Up"	"small molecule catabolic process"	"BP"	0.000679073726797128	0.0254821655383744	2	"cameraPR"
"GO:0044419"	"Up"	"biological process involved in interspecies interaction between organisms"	"BP"	0.000803038557965441	0.0223725305452879	4	"cameraPR"
"GO:0044703"	"Up"	"multi-organism reproductive process"	"BP"	7.30034252827603e-05	0.00616421714484441	3	"cameraPR"
"GO:0045087"	"Up"	"innate immune response"	"BP"	0.00148875886429874	0.0261575328894717	2	"cameraPR"
"GO:0045103"	"Up"	"intermediate filament-based process"	"BP"	0.000103804552864204	0.0129863075100459	1	"cameraPR"
"GO:0045104"	"Up"	"intermediate filament cytoskeleton organization"	"BP"	0.000103804552864204	0.0129863075100459	1	"cameraPR"
"GO:0045111"	"Up"	"intermediate filament cytoskeleton"	"CC"	0.000297737917176206	0.00942955319036001	1	"cameraPR"
"GO:0045132"	"Up"	"meiotic chromosome segregation"	"BP"	0.000919745810377823	0.0308966462967661	1	"cameraPR"
"GO:0045137"	"Up"	"development of primary sexual characteristics"	"BP"	0.000570225754955072	0.0220082876486915	1	"cameraPR"
"GO:0045216"	"Up"	"cell-cell junction organization"	"BP"	0.000976443744409351	0.0196807661373174	1	"cameraPR"
"GO:0045229"	"Up"	"external encapsulating structure organization"	"BP"	0.00142159195021875	0.0381935042586916	3	"cameraPR"
"GO:0045271"	"Up"	"respiratory chain complex I"	"CC"	0.000122674111120956	0.015377630629185	5	"cameraPR"
"GO:0045495"	"Up"	"pole plasm"	"CC"	2.52198611983624e-06	0.000365990625710635	1	"cameraPR"
"GO:0045499"	"Up"	"chemorepellent activity"	"MF"	0.00239239332050006	0.0341716652235205	1	"cameraPR"
"GO:0045861"	"Up"	"negative regulation of proteolysis"	"BP"	0.000881546193858298	0.0233885633494125	7	"cameraPR"
"GO:0046165"	"Up"	"alcohol biosynthetic process"	"BP"	0.000695770468523406	0.0344124302927309	2	"cameraPR"
"GO:0046395"	"Up"	"carboxylic acid catabolic process"	"BP"	0.00041025203366501	0.0201320015607646	2	"cameraPR"
"GO:0046466"	"Up"	"membrane lipid catabolic process"	"BP"	0.00250141984052172	0.049590990062365	1	"cameraPR"
"GO:0046514"	"Up"	"ceramide catabolic process"	"BP"	0.00023810678746458	0.0107981428115187	1	"cameraPR"
"GO:0046631"	"Up"	"alpha-beta T cell activation"	"BP"	0.00227963400979514	0.0336199682420194	1	"cameraPR"
"GO:0046651"	"Up"	"lymphocyte proliferation"	"BP"	0.000288910544435001	0.0109671640210041	2	"cameraPR"
"GO:0046660"	"Up"	"female sex differentiation"	"BP"	0.000765832506192206	0.0275093102224289	1	"cameraPR"
"GO:0046906"	"Up"	"tetrapyrrole binding"	"MF"	0.000117215270450331	0.0129711769368548	5	"cameraPR"
"GO:0046942"	"Up"	"carboxylic acid transport"	"BP"	0.000865032302354802	0.0257240753519936	1	"cameraPR"
"GO:0046943"	"Up"	"carboxylic acid transmembrane transporter activity"	"MF"	4.04052687802749e-05	0.00850994264735594	2	"cameraPR"
"GO:0048018"	"Up"	"receptor ligand activity"	"MF"	0.000199151331797452	0.0123633408616389	7	"cameraPR"
"GO:0048020"	"Up"	"CCR chemokine receptor binding"	"MF"	0.00036465963468416	0.0190078562075661	7	"cameraPR"
"GO:0048232"	"Up"	"male gamete generation"	"BP"	0.000184740066059811	0.00903900322933647	2	"cameraPR"
"GO:0048247"	"Up"	"lymphocyte chemotaxis"	"BP"	0.00047022397661888	0.02206945072153	6	"cameraPR"
"GO:0048477"	"Up"	"oogenesis"	"BP"	0.000172343689289446	0.00776576381071388	4	"cameraPR"
"GO:0048599"	"Up"	"oocyte development"	"BP"	7.77687684375544e-05	0.00419117196408295	2	"cameraPR"
"GO:0048609"	"Up"	"multicellular organismal reproductive process"	"BP"	2.06892734822161e-05	0.00270329613305539	3	"cameraPR"
"GO:0048841"	"Up"	"regulation of axon extension involved in axon guidance"	"BP"	0.00180274980222591	0.029857879788432	1	"cameraPR"
"GO:0050670"	"Up"	"regulation of lymphocyte proliferation"	"BP"	0.000441453518515204	0.015486951717459	2	"cameraPR"
"GO:0050672"	"Up"	"negative regulation of lymphocyte proliferation"	"BP"	0.000451180102589417	0.0120358927367236	1	"cameraPR"
"GO:0050679"	"Up"	"positive regulation of epithelial cell proliferation"	"BP"	0.00135932178634776	0.0244132247029628	1	"cameraPR"
"GO:0050776"	"Up"	"regulation of immune response"	"BP"	1.66401861399115e-05	0.00152077554767559	3	"cameraPR"
"GO:0050778"	"Up"	"positive regulation of immune response"	"BP"	1.2285487533264e-05	0.00121756283202052	3	"cameraPR"
"GO:0050817"	"Up"	"coagulation"	"BP"	0.00109838988861542	0.0206641402444985	3	"cameraPR"
"GO:0050829"	"Up"	"defense response to Gram-negative bacterium"	"BP"	0.000480501576870683	0.013899766769512	2	"cameraPR"
"GO:0050851"	"Up"	"antigen receptor-mediated signaling pathway"	"BP"	0.00173781952803807	0.0289363469309326	1	"cameraPR"
"GO:0050852"	"Up"	"T cell receptor signaling pathway"	"BP"	0.00140433105472417	0.0249750640516633	1	"cameraPR"
"GO:0050863"	"Up"	"regulation of T cell activation"	"BP"	0.0012625317851301	0.023489565725395	1	"cameraPR"
"GO:0050866"	"Up"	"negative regulation of cell activation"	"BP"	3.24331846529381e-05	0.00213941079856108	1	"cameraPR"
"GO:0050868"	"Up"	"negative regulation of T cell activation"	"BP"	0.0001166930446393	0.00494898176966793	1	"cameraPR"
"GO:0050878"	"Up"	"regulation of body fluid levels"	"BP"	0.000816783123133842	0.0199910887814781	3	"cameraPR"
"GO:0050879"	"Up"	"multicellular organismal movement"	"BP"	0.000228594067592343	0.00755112976951187	8	"cameraPR"
"GO:0050881"	"Up"	"musculoskeletal movement"	"BP"	0.000228594067592343	0.00755112976951187	8	"cameraPR"
"GO:0050900"	"Up"	"leukocyte migration"	"BP"	6.90674934131912e-05	0.00318119283958885	2	"cameraPR"
"GO:0050919"	"Up"	"negative chemotaxis"	"BP"	0.000701605117153435	0.016110274462232	1	"cameraPR"
"GO:0050922"	"Up"	"negative regulation of chemotaxis"	"BP"	0.00281977666927927	0.037501685280565	1	"cameraPR"
"GO:0050953"	"Up"	"sensory perception of light stimulus"	"BP"	1.22078722928761e-05	0.00402637824350495	1	"cameraPR"
"GO:0051180"	"Up"	"vitamin transport"	"BP"	0.00133006459475643	0.0368356820593612	1	"cameraPR"
"GO:0051208"	"Up"	"sequestering of calcium ion"	"BP"	0.00158376028643842	0.0355799884508748	2	"cameraPR"
"GO:0051209"	"Up"	"release of sequestered calcium ion into cytosol"	"BP"	0.00409326853683992	0.0479044459730814	1	"cameraPR"
"GO:0051249"	"Up"	"regulation of lymphocyte activation"	"BP"	0.00320234852603833	0.0409088748326305	1	"cameraPR"
"GO:0051250"	"Up"	"negative regulation of lymphocyte activation"	"BP"	3.24331846529381e-05	0.00213941079856108	1	"cameraPR"
"GO:0051272"	"Up"	"positive regulation of cellular component movement"	"BP"	0.000761648508489023	0.0172703799299886	1	"cameraPR"
"GO:0051282"	"Up"	"regulation of sequestering of calcium ion"	"BP"	0.00158376028643842	0.0355799884508748	2	"cameraPR"
"GO:0051283"	"Up"	"negative regulation of sequestering of calcium ion"	"BP"	0.00158376028643842	0.0355799884508748	2	"cameraPR"
"GO:0051321"	"Up"	"meiotic cell cycle"	"BP"	0.000181366391705578	0.00855461766206428	2	"cameraPR"
"GO:0051346"	"Up"	"negative regulation of hydrolase activity"	"BP"	0.000300253076138963	0.0245041018570812	4	"cameraPR"
"GO:0051704"	"Up"	"multi-organism process"	"BP"	7.30034252827603e-05	0.00616421714484441	3	"cameraPR"
"GO:0051707"	"Up"	"response to other organism"	"BP"	0.000460098297361443	0.015505629496834	4	"cameraPR"
"GO:0051923"	"Up"	"sulfation"	"BP"	0.00311993774782294	0.0400364598165057	1	"cameraPR"
"GO:0052547"	"Up"	"regulation of peptidase activity"	"BP"	4.83153323639878e-05	0.00330732124182165	1	"cameraPR"
"GO:0052548"	"Up"	"regulation of endopeptidase activity"	"BP"	0.000564869340761736	0.0197052496950344	1	"cameraPR"
"GO:0055088"	"Up"	"lipid homeostasis"	"BP"	0.00048058471636696	0.017611730817973	1	"cameraPR"
"GO:0055092"	"Up"	"sterol homeostasis"	"BP"	0.000110120833799728	0.00596296097052855	1	"cameraPR"
"GO:0060048"	"Up"	"cardiac muscle contraction"	"BP"	0.00044945486390214	0.0129492840843509	9	"cameraPR"
"GO:0060293"	"Up"	"germ plasm"	"CC"	0.000370631697921499	0.0187363288823635	3	"cameraPR"
"GO:0060326"	"Up"	"cell chemotaxis"	"BP"	2.94561768643582e-05	0.00191305150650554	2	"cameraPR"
"GO:0060401"	"Up"	"cytosolic calcium ion transport"	"BP"	0.0025523322557358	0.0464119680302594	2	"cameraPR"
"GO:0060402"	"Up"	"calcium ion transport into cytosol"	"BP"	0.00222286503256172	0.0333040351142518	1	"cameraPR"
"GO:0060969"	"Up"	"negative regulation of gene silencing"	"BP"	0.00165790385479526	0.0379245075393541	3	"cameraPR"
"GO:0061041"	"Up"	"regulation of wound healing"	"BP"	0.000192787398329781	0.0241183683151877	1	"cameraPR"
"GO:0061134"	"Up"	"peptidase regulator activity"	"MF"	0.000165550037267348	0.00733698996128583	10	"cameraPR"
"GO:0061135"	"Up"	"endopeptidase regulator activity"	"MF"	0.000116126409597523	0.00558718430917036	10	"cameraPR"
"GO:0062023"	"Up"	"collagen-containing extracellular matrix"	"CC"	0.000339529397594757	0.0132911718625136	4	"cameraPR"
"GO:0070098"	"Up"	"chemokine-mediated signaling pathway"	"BP"	0.000377846692438608	0.0180841256319743	7	"cameraPR"
"GO:0070160"	"Up"	"tight junction"	"CC"	0.0041812026026339	0.0483102007718337	1	"cameraPR"
"GO:0070371"	"Up"	"ERK1 and ERK2 cascade"	"BP"	0.000287396228656825	0.00936361057060678	1	"cameraPR"
"GO:0070372"	"Up"	"regulation of ERK1 and ERK2 cascade"	"BP"	0.000287396228656825	0.00936361057060678	1	"cameraPR"
"GO:0070374"	"Up"	"positive regulation of ERK1 and ERK2 cascade"	"BP"	7.08345202404218e-05	0.00373276714238313	1	"cameraPR"
"GO:0070469"	"Up"	"respirasome"	"CC"	0.000173530900462926	0.0185261421526643	5	"cameraPR"
"GO:0070555"	"Up"	"response to interleukin-1"	"BP"	0.000562904626170634	0.0216749241912691	5	"cameraPR"
"GO:0070661"	"Up"	"leukocyte proliferation"	"BP"	0.000288910544435001	0.0109671640210041	2	"cameraPR"
"GO:0070663"	"Up"	"regulation of leukocyte proliferation"	"BP"	0.000441453518515204	0.015486951717459	2	"cameraPR"
"GO:0070664"	"Up"	"negative regulation of leukocyte proliferation"	"BP"	0.000451180102589417	0.0120358927367236	1	"cameraPR"
"GO:0071216"	"Up"	"cellular response to biotic stimulus"	"BP"	0.00162351815108081	0.0337042831554597	2	"cameraPR"
"GO:0071219"	"Up"	"cellular response to molecule of bacterial origin"	"BP"	0.00231571829720986	0.041967726253053	2	"cameraPR"
"GO:0071222"	"Up"	"cellular response to lipopolysaccharide"	"BP"	0.00283969453737313	0.0375183891652424	1	"cameraPR"
"GO:0071345"	"Up"	"cellular response to cytokine stimulus"	"BP"	0.000291052995478976	0.0125707174714015	1	"cameraPR"
"GO:0071346"	"Up"	"cellular response to interferon-gamma"	"BP"	0.000213154088059754	0.0141720248539365	5	"cameraPR"
"GO:0071347"	"Up"	"cellular response to interleukin-1"	"BP"	0.00124888296635547	0.0285827522287803	3	"cameraPR"
"GO:0071356"	"Up"	"cellular response to tumor necrosis factor"	"BP"	0.00150710759675034	0.0405095350787445	1	"cameraPR"
"GO:0071391"	"Up"	"cellular response to estrogen stimulus"	"BP"	0.000263019321177901	0.0176852604861082	6	"cameraPR"
"GO:0071466"	"Up"	"cellular response to xenobiotic stimulus"	"BP"	0.000104297509163844	0.00591236505072543	1	"cameraPR"
"GO:0071621"	"Up"	"granulocyte chemotaxis"	"BP"	2.80549324931002e-05	0.00168085076498756	2	"cameraPR"
"GO:0071674"	"Up"	"mononuclear cell migration"	"BP"	0.000271144541033989	0.0165080349233891	4	"cameraPR"
"GO:0071855"	"Up"	"neuropeptide receptor binding"	"MF"	0.000349443252471315	0.0452778614273547	1	"cameraPR"
"GO:0072676"	"Up"	"lymphocyte migration"	"BP"	0.00037650348709058	0.0201094304839193	6	"cameraPR"
"GO:0085029"	"Up"	"extracellular matrix assembly"	"BP"	0.000836987414374468	0.0180341358833945	1	"cameraPR"
"GO:0090130"	"Up"	"tissue migration"	"BP"	0.00237770248363921	0.0340960656547157	1	"cameraPR"
"GO:0090257"	"Up"	"regulation of muscle system process"	"BP"	0.000210526218593788	0.0129991961953859	10	"cameraPR"
"GO:0097529"	"Up"	"myeloid leukocyte migration"	"BP"	0.00014940559087857	0.00523412705010691	2	"cameraPR"
"GO:0097530"	"Up"	"granulocyte migration"	"BP"	0.000200113131763054	0.00598178929804187	2	"cameraPR"
"GO:0097553"	"Up"	"calcium ion transmembrane import into cytosol"	"BP"	0.00222286503256172	0.0333040351142518	1	"cameraPR"
"GO:0097746"	"Up"	"blood vessel diameter maintenance"	"BP"	8.33962790967093e-05	0.0189101062851788	1	"cameraPR"
"GO:0098542"	"Up"	"defense response to other organism"	"BP"	0.000170078270733966	0.00735054239695014	2	"cameraPR"
"GO:0098800"	"Up"	"inner mitochondrial membrane protein complex"	"CC"	9.48760992838608e-06	0.00430263110252309	1	"cameraPR"
"GO:0098803"	"Up"	"respiratory chain complex"	"CC"	0.000118708072891144	0.0136689974734324	5	"cameraPR"
"GO:0099094"	"Up"	"ligand-gated cation channel activity"	"MF"	0.000624215129264161	0.0148990295326998	1	"cameraPR"
"GO:0099529"	"Up"	"neurotransmitter receptor activity involved in regulation of postsynaptic membrane potential"	"MF"	0.000740738183298523	0.0308896336667476	1	"cameraPR"
"GO:0140013"	"Up"	"meiotic nuclear division"	"BP"	0.000486499701812348	0.0175268903188289	2	"cameraPR"
"GO:0140326"	"Up"	"ATPase-coupled intramembrane lipid transporter activity"	"MF"	0.00168811056416308	0.0380880481370292	1	"cameraPR"
"GO:0140375"	"Up"	"immune receptor activity"	"MF"	0.000164997186047048	0.00893447449221928	1	"cameraPR"
"GO:1901136"	"Up"	"carbohydrate derivative catabolic process"	"BP"	0.00052002259937005	0.0185345905304464	1	"cameraPR"
"GO:1901605"	"Up"	"alpha-amino acid metabolic process"	"BP"	0.0004981371099041	0.0224394587454583	2	"cameraPR"
"GO:1901606"	"Up"	"alpha-amino acid catabolic process"	"BP"	0.000470716896863421	0.0171770228256396	3	"cameraPR"
"GO:1901615"	"Up"	"organic hydroxy compound metabolic process"	"BP"	0.000526868033666965	0.018558031321784	1	"cameraPR"
"GO:1901617"	"Up"	"organic hydroxy compound biosynthetic process"	"BP"	0.000960480923580788	0.0358943737714024	4	"cameraPR"
"GO:1902652"	"Up"	"secondary alcohol metabolic process"	"BP"	0.000350047350372121	0.011732577420988	4	"cameraPR"
"GO:1902653"	"Up"	"secondary alcohol biosynthetic process"	"BP"	0.000301685341372872	0.0101054337561098	5	"cameraPR"
"GO:1903034"	"Up"	"regulation of response to wounding"	"BP"	1.71409998457177e-06	0.00291455912358587	1	"cameraPR"
"GO:1903037"	"Up"	"regulation of leukocyte cell-cell adhesion"	"BP"	0.000391548588447152	0.0111558072950772	1	"cameraPR"
"GO:1903038"	"Up"	"negative regulation of leukocyte cell-cell adhesion"	"BP"	0.0001166930446393	0.00494898176966793	1	"cameraPR"
"GO:1903046"	"Up"	"meiotic cell cycle process"	"BP"	0.000258469614526271	0.0130061703033565	1	"cameraPR"
"GO:1904315"	"Up"	"transmitter-gated ion channel activity involved in regulation of postsynaptic membrane potential"	"MF"	0.000740738183298523	0.0308896336667476	1	"cameraPR"
"GO:1990204"	"Up"	"oxidoreductase complex"	"CC"	5.65286536141094e-05	0.0189101062851788	1	"cameraPR"
"GO:1990266"	"Up"	"neutrophil migration"	"BP"	0.000527379642144767	0.0191428724439379	3	"cameraPR"
"GO:1990868"	"Up"	"response to chemokine"	"BP"	0.000253366373204477	0.0155636894807276	6	"cameraPR"
"GO:1990869"	"Up"	"cellular response to chemokine"	"BP"	0.000253366373204477	0.0155636894807276	6	"cameraPR"
"GO:2000147"	"Up"	"positive regulation of cell motility"	"BP"	0.00101291763763651	0.0203031225930678	1	"cameraPR"
"GO:2000241"	"Up"	"regulation of reproductive process"	"BP"	9.88065449536995e-06	0.00194656399322552	3	"cameraPR"
"GO:2000243"	"Up"	"positive regulation of reproductive process"	"BP"	7.89824777635419e-06	0.00177874593400148	3	"cameraPR"
"GO:0000123"	"Down"	"histone acetyltransferase complex"	"CC"	0.000604999548633795	0.0220230497472222	3	"cameraPR"
"GO:0000151"	"Down"	"ubiquitin ligase complex"	"CC"	0.000519550175964257	0.0295622713542855	1	"cameraPR"
"GO:0000159"	"Down"	"protein phosphatase type 2A complex"	"CC"	0.00115044100174366	0.0302092283225969	2	"cameraPR"
"GO:0000184"	"Down"	"nuclear-transcribed mRNA catabolic process, nonsense-mediated decay"	"BP"	0.00400647450020062	0.0471931476841814	1	"cameraPR"
"GO:0000209"	"Down"	"protein polyubiquitination"	"BP"	0.000904420782214529	0.0312498914083268	1	"cameraPR"
"GO:0000245"	"Down"	"spliceosomal complex assembly"	"BP"	0.00116171379724129	0.0301210321755967	3	"cameraPR"
"GO:0000281"	"Down"	"mitotic cytokinesis"	"BP"	8.20823239082221e-05	0.0129475943973491	1	"cameraPR"
"GO:0000313"	"Down"	"organellar ribosome"	"CC"	0.00223985241672477	0.0333040351142518	1	"cameraPR"
"GO:0000314"	"Down"	"organellar small ribosomal subunit"	"CC"	0.00193744936565106	0.0475353449757682	1	"cameraPR"
"GO:0000375"	"Down"	"RNA splicing, via transesterification reactions"	"BP"	0.000295074972715437	0.0114842748888234	7	"cameraPR"
"GO:0000377"	"Down"	"RNA splicing, via transesterification reactions with bulged adenosine as nucleophile"	"BP"	0.000295074972715437	0.0114842748888234	7	"cameraPR"
"GO:0000380"	"Down"	"alternative mRNA splicing, via spliceosome"	"BP"	0.000229200386407806	0.0262507282954199	2	"cameraPR"
"GO:0000387"	"Down"	"spliceosomal snRNP assembly"	"BP"	0.00270634763582219	0.0368001034122734	1	"cameraPR"
"GO:0000398"	"Down"	"mRNA splicing, via spliceosome"	"BP"	0.000295074972715437	0.0114842748888234	7	"cameraPR"
"GO:0000428"	"Down"	"DNA-directed RNA polymerase complex"	"CC"	0.00167796997113673	0.0342587972205326	2	"cameraPR"
"GO:0000502"	"Down"	"proteasome complex"	"CC"	4.33864786245489e-05	0.00414913778310784	2	"cameraPR"
"GO:0000775"	"Down"	"chromosome, centromeric region"	"CC"	0.000193878321272084	0.0137342939767812	1	"cameraPR"
"GO:0000776"	"Down"	"kinetochore"	"CC"	0.00124260212808507	0.0421323413148844	1	"cameraPR"
"GO:0000785"	"Down"	"chromatin"	"CC"	0.00106432344633161	0.029252768661296	1	"cameraPR"
"GO:0000819"	"Down"	"sister chromatid segregation"	"BP"	0.00103007119716782	0.0387087873774287	1	"cameraPR"
"GO:0000910"	"Down"	"cytokinesis"	"BP"	0.000457182485585541	0.0460738349362317	1	"cameraPR"
"GO:0000932"	"Down"	"P-body"	"CC"	0.00247054299923887	0.049590990062365	1	"cameraPR"
"GO:0000956"	"Down"	"nuclear-transcribed mRNA catabolic process"	"BP"	0.000541359637557195	0.0138731820018311	1	"cameraPR"
"GO:0001510"	"Down"	"RNA methylation"	"BP"	0.000113967016964289	0.00494898176966793	1	"cameraPR"
"GO:0003712"	"Down"	"transcription coregulator activity"	"MF"	0.0013583030803056	0.0244132247029628	1	"cameraPR"
"GO:0003713"	"Down"	"transcription coactivator activity"	"MF"	0.000148087803461614	0.00603665787594084	1	"cameraPR"
"GO:0003724"	"Down"	"RNA helicase activity"	"MF"	0.00352661662825151	0.0436674577723429	1	"cameraPR"
"GO:0003735"	"Down"	"structural constituent of ribosome"	"MF"	0.00192074227952045	0.0306980307933929	1	"cameraPR"
"GO:0004402"	"Down"	"histone acetyltransferase activity"	"MF"	0.00150135369239854	0.0499716623488249	1	"cameraPR"
"GO:0005048"	"Down"	"signal sequence binding"	"MF"	0.00227737067879441	0.0336199682420194	1	"cameraPR"
"GO:0005212"	"Down"	"structural constituent of eye lens"	"MF"	0.00062105854174924	0.0239702169092153	1	"cameraPR"
"GO:0005654"	"Down"	"nucleoplasm"	"CC"	0.000419244298936897	0.0206032207210884	3	"cameraPR"
"GO:0005681"	"Down"	"spliceosomal complex"	"CC"	1.90699891955542e-05	0.00199623400321641	5	"cameraPR"
"GO:0005684"	"Down"	"U2-type spliceosomal complex"	"CC"	9.34673764107823e-05	0.00731426552678015	5	"cameraPR"
"GO:0005694"	"Down"	"chromosome"	"CC"	0.00123282728837298	0.0421323413148844	1	"cameraPR"
"GO:0005761"	"Down"	"mitochondrial ribosome"	"CC"	0.00223985241672477	0.0333040351142518	1	"cameraPR"
"GO:0005763"	"Down"	"mitochondrial small ribosomal subunit"	"CC"	0.00193744936565106	0.0475353449757682	1	"cameraPR"
"GO:0005765"	"Down"	"lysosomal membrane"	"CC"	0.00138785394176492	0.0457739463702102	1	"cameraPR"
"GO:0005770"	"Down"	"late endosome"	"CC"	0.000248485409610622	0.0161162209235719	3	"cameraPR"
"GO:0005798"	"Down"	"Golgi-associated vesicle"	"CC"	0.00157006760566328	0.04166096948487	1	"cameraPR"
"GO:0005815"	"Down"	"microtubule organizing center"	"CC"	0.00413780786087567	0.0482699900940738	1	"cameraPR"
"GO:0005838"	"Down"	"proteasome regulatory particle"	"CC"	0.000566979871621012	0.0227512551538441	3	"cameraPR"
"GO:0005839"	"Down"	"proteasome core complex"	"CC"	8.09534330743111e-05	0.0172764150113883	1	"cameraPR"
"GO:0005840"	"Down"	"ribosome"	"CC"	0.000605452025898745	0.014643866333071	1	"cameraPR"
"GO:0005849"	"Down"	"mRNA cleavage factor complex"	"CC"	0.000411766672514819	0.0144454805463097	2	"cameraPR"
"GO:0006303"	"Down"	"double-strand break repair via nonhomologous end joining"	"BP"	0.00204039129409804	0.0321849548477726	1	"cameraPR"
"GO:0006325"	"Down"	"chromatin organization"	"BP"	0.000347702375305292	0.0116003808711293	2	"cameraPR"
"GO:0006338"	"Down"	"chromatin remodeling"	"BP"	0.00067713144600736	0.0185769159176906	2	"cameraPR"
"GO:0006352"	"Down"	"DNA-templated transcription, initiation"	"BP"	0.000921046944803438	0.0200429175332511	3	"cameraPR"
"GO:0006364"	"Down"	"rRNA processing"	"BP"	0.00189115035974473	0.0377847795577075	3	"cameraPR"
"GO:0006367"	"Down"	"transcription initiation from RNA polymerase II promoter"	"BP"	0.000577672612633583	0.0211784787090939	3	"cameraPR"
"GO:0006378"	"Down"	"mRNA polyadenylation"	"BP"	0.000648824896347406	0.0240197624892693	1	"cameraPR"
"GO:0006397"	"Down"	"mRNA processing"	"BP"	0.00014264686506953	0.00788992000270359	7	"cameraPR"
"GO:0006399"	"Down"	"tRNA metabolic process"	"BP"	0.00307440253454217	0.0396937095918825	1	"cameraPR"
"GO:0006400"	"Down"	"tRNA modification"	"BP"	0.00370208479763689	0.0450573135437249	1	"cameraPR"
"GO:0006403"	"Down"	"RNA localization"	"BP"	0.000117313239303044	0.00494898176966793	1	"cameraPR"
"GO:0006405"	"Down"	"RNA export from nucleus"	"BP"	0.000219621246767897	0.00821428745643229	1	"cameraPR"
"GO:0006406"	"Down"	"mRNA export from nucleus"	"BP"	0.00234113127862698	0.0338391405532219	1	"cameraPR"
"GO:0006412"	"Down"	"translation"	"BP"	0.0013540374558615	0.0244132247029628	1	"cameraPR"
"GO:0006417"	"Down"	"regulation of translation"	"BP"	0.00200197304972584	0.031716848141508	1	"cameraPR"
"GO:0006473"	"Down"	"protein acetylation"	"BP"	0.000550943036518618	0.0184137266876892	2	"cameraPR"
"GO:0006475"	"Down"	"internal protein amino acid acetylation"	"BP"	0.00106205829180549	0.0284487985581939	2	"cameraPR"
"GO:0006505"	"Down"	"GPI anchor metabolic process"	"BP"	0.000735008731283413	0.0244643273128094	1	"cameraPR"
"GO:0006506"	"Down"	"GPI anchor biosynthetic process"	"BP"	0.000735008731283413	0.0244643273128094	1	"cameraPR"
"GO:0006511"	"Down"	"ubiquitin-dependent protein catabolic process"	"BP"	0.00135925485466509	0.0350181493763841	3	"cameraPR"
"GO:0006611"	"Down"	"protein export from nucleus"	"BP"	0.000254079934709085	0.00921802003124559	1	"cameraPR"
"GO:0006836"	"Down"	"neurotransmitter transport"	"BP"	0.000285446054823676	0.0138079771586706	1	"cameraPR"
"GO:0006886"	"Down"	"intracellular protein transport"	"BP"	0.00231404629735521	0.0338391405532219	1	"cameraPR"
"GO:0006888"	"Down"	"endoplasmic reticulum to Golgi vesicle-mediated transport"	"BP"	0.000100982787224822	0.0153433434485748	1	"cameraPR"
"GO:0006891"	"Down"	"intra-Golgi vesicle-mediated transport"	"BP"	0.000388753398514784	0.0171999674367273	1	"cameraPR"
"GO:0006892"	"Down"	"post-Golgi vesicle-mediated transport"	"BP"	0.0013543019113191	0.0409450611188807	1	"cameraPR"
"GO:0006904"	"Down"	"vesicle docking involved in exocytosis"	"BP"	0.000208267966814741	0.0103506326521079	1	"cameraPR"
"GO:0006906"	"Down"	"vesicle fusion"	"BP"	0.00040179127036231	0.0161966525430496	1	"cameraPR"
"GO:0006913"	"Down"	"nucleocytoplasmic transport"	"BP"	0.000388001444800715	0.0111558072950772	1	"cameraPR"
"GO:0007006"	"Down"	"mitochondrial membrane organization"	"BP"	0.00178989651617105	0.0484607803034969	1	"cameraPR"
"GO:0007007"	"Down"	"inner mitochondrial membrane organization"	"BP"	0.00115259467369057	0.0363618563143424	1	"cameraPR"
"GO:0007034"	"Down"	"vacuolar transport"	"BP"	0.000733960615668077	0.0308896336667476	1	"cameraPR"
"GO:0007059"	"Down"	"chromosome segregation"	"BP"	0.000201282490149006	0.0137342939767812	1	"cameraPR"
"GO:0007062"	"Down"	"sister chromatid cohesion"	"BP"	0.00193837892805751	0.0475353449757682	1	"cameraPR"
"GO:0007269"	"Down"	"neurotransmitter secretion"	"BP"	0.00135165448895586	0.0426417607472334	1	"cameraPR"
"GO:0007600"	"Down"	"sensory perception"	"BP"	0.00124661925938185	0.0383282599409945	1	"cameraPR"
"GO:0007601"	"Down"	"visual perception"	"BP"	0.00200953989479653	0.0259660393793004	2	"cameraPR"
"GO:0008021"	"Down"	"synaptic vesicle"	"CC"	0.000916479461843062	0.0336140196744654	2	"cameraPR"
"GO:0008023"	"Down"	"transcription elongation factor complex"	"CC"	0.00279492599680198	0.037501685280565	1	"cameraPR"
"GO:0008033"	"Down"	"tRNA processing"	"BP"	0.000396664592355281	0.0111558072950772	1	"cameraPR"
"GO:0008168"	"Down"	"methyltransferase activity"	"MF"	0.000434819073685379	0.0119509363585648	1	"cameraPR"
"GO:0008173"	"Down"	"RNA methyltransferase activity"	"MF"	0.00049426073338982	0.0129005607247357	1	"cameraPR"
"GO:0008175"	"Down"	"tRNA methyltransferase activity"	"MF"	0.00102316993710578	0.0203959369880208	1	"cameraPR"
"GO:0008380"	"Down"	"RNA splicing"	"BP"	8.83623389784303e-05	0.00530433214321159	5	"cameraPR"
"GO:0008757"	"Down"	"S-adenosylmethionine-dependent methyltransferase activity"	"MF"	0.00164375050640337	0.0279977785785513	1	"cameraPR"
"GO:0009451"	"Down"	"RNA modification"	"BP"	0.000682850839602535	0.0157795085737452	1	"cameraPR"
"GO:0010008"	"Down"	"endosome membrane"	"CC"	0.000977508954259828	0.0380720969525821	1	"cameraPR"
"GO:0010498"	"Down"	"proteasomal protein catabolic process"	"BP"	0.00181135632773814	0.0357013282192314	2	"cameraPR"
"GO:0010499"	"Down"	"proteasomal ubiquitin-independent protein catabolic process"	"BP"	0.00036782702880281	0.0185534208284969	2	"cameraPR"
"GO:0015931"	"Down"	"nucleobase-containing compound transport"	"BP"	0.000788861444970487	0.0173878309632225	1	"cameraPR"
"GO:0016071"	"Down"	"mRNA metabolic process"	"BP"	0.000398634359214528	0.0155798225026915	6	"cameraPR"
"GO:0016072"	"Down"	"rRNA metabolic process"	"BP"	0.00151751628111938	0.0329331569575621	3	"cameraPR"
"GO:0016197"	"Down"	"endosomal transport"	"BP"	0.000521970041902141	0.0253869314462164	2	"cameraPR"
"GO:0016226"	"Down"	"iron-sulfur cluster assembly"	"BP"	0.000534105504025677	0.0295622713542855	1	"cameraPR"
"GO:0016482"	"Down"	"cytosolic transport"	"BP"	0.000371088733399118	0.01682887405965	1	"cameraPR"
"GO:0016569"	"Down"	"covalent chromatin modification"	"BP"	0.000270092256761769	0.00936361057060678	1	"cameraPR"
"GO:0016570"	"Down"	"histone modification"	"BP"	0.000225296764936495	0.0083405781958123	1	"cameraPR"
"GO:0016573"	"Down"	"histone acetylation"	"BP"	0.000988607538325148	0.0287096553997446	2	"cameraPR"
"GO:0016591"	"Down"	"RNA polymerase II, holoenzyme"	"CC"	0.00114670140392068	0.0271530993914784	3	"cameraPR"
"GO:0016604"	"Down"	"nuclear body"	"CC"	0.000112801556959425	0.00494898176966793	1	"cameraPR"
"GO:0016607"	"Down"	"nuclear speck"	"CC"	0.000482867184256463	0.0170851623995	3	"cameraPR"
"GO:0016741"	"Down"	"transferase activity, transferring one-carbon groups"	"MF"	0.000477721455216974	0.0125592278226607	1	"cameraPR"
"GO:0017069"	"Down"	"snRNA binding"	"MF"	0.000401579214314286	0.0139491005505266	2	"cameraPR"
"GO:0017075"	"Down"	"syntaxin-1 binding"	"MF"	0.000639415343228029	0.0241645715128259	1	"cameraPR"
"GO:0018205"	"Down"	"peptidyl-lysine modification"	"BP"	0.000875730114847135	0.0253348637937359	3	"cameraPR"
"GO:0018393"	"Down"	"internal peptidyl-lysine acetylation"	"BP"	0.00106205829180549	0.0284487985581939	2	"cameraPR"
"GO:0018394"	"Down"	"peptidyl-lysine acetylation"	"BP"	0.00110985034130789	0.029249309142609	2	"cameraPR"
"GO:0019208"	"Down"	"phosphatase regulator activity"	"MF"	0.00236069891838047	0.0339865701423983	1	"cameraPR"
"GO:0019773"	"Down"	"proteasome core complex, alpha-subunit complex"	"CC"	0.00122743449565999	0.0421323413148844	1	"cameraPR"
"GO:0019941"	"Down"	"modification-dependent protein catabolic process"	"BP"	0.00185800218387302	0.0356391530854487	2	"cameraPR"
"GO:0022406"	"Down"	"membrane docking"	"BP"	0.00239958688775793	0.0347583514398525	2	"cameraPR"
"GO:0022613"	"Down"	"ribonucleoprotein complex biogenesis"	"BP"	0.000157343019229293	0.0116255164269109	3	"cameraPR"
"GO:0022618"	"Down"	"ribonucleoprotein complex assembly"	"BP"	0.000342394554675186	0.0127540519679692	3	"cameraPR"
"GO:0022624"	"Down"	"proteasome accessory complex"	"CC"	0.0010044220539063	0.0441661331259642	3	"cameraPR"
"GO:0030014"	"Down"	"CCR4-NOT complex"	"CC"	0.00232890341173193	0.0338391405532219	1	"cameraPR"
"GO:0030133"	"Down"	"transport vesicle"	"CC"	0.00065259509638583	0.0261430019510712	3	"cameraPR"
"GO:0030374"	"Down"	"nuclear receptor coactivator activity"	"MF"	0.00230621884172053	0.0338391405532219	1	"cameraPR"
"GO:0030488"	"Down"	"tRNA methylation"	"BP"	0.000298897082935888	0.00942955319036001	1	"cameraPR"
"GO:0030532"	"Down"	"small nuclear ribonucleoprotein complex"	"CC"	0.000229879553551159	0.0103393444034228	5	"cameraPR"
"GO:0030658"	"Down"	"transport vesicle membrane"	"CC"	0.0013586012241156	0.0421521831681116	2	"cameraPR"
"GO:0030684"	"Down"	"preribosome"	"CC"	0.00114456940888922	0.0289559088520585	2	"cameraPR"
"GO:0030880"	"Down"	"RNA polymerase complex"	"CC"	0.000840068623013692	0.0180341358833945	1	"cameraPR"
"GO:0031123"	"Down"	"RNA 3'-end processing"	"BP"	0.000695505076332304	0.0186803832508241	3	"cameraPR"
"GO:0031124"	"Down"	"mRNA 3'-end processing"	"BP"	0.000617782048336169	0.0205119028139882	1	"cameraPR"
"GO:0031163"	"Down"	"metallo-sulfur cluster assembly"	"BP"	0.000534105504025677	0.0295622713542855	1	"cameraPR"
"GO:0031248"	"Down"	"protein acetyltransferase complex"	"CC"	0.000392878688701804	0.0196301478322766	4	"cameraPR"
"GO:0031519"	"Down"	"PcG protein complex"	"CC"	0.0021085915770367	0.0452660961034861	1	"cameraPR"
"GO:0031902"	"Down"	"late endosome membrane"	"CC"	0.000315019070439487	0.0178244918810171	5	"cameraPR"
"GO:0031985"	"Down"	"Golgi cisterna"	"CC"	0.000210774665687321	0.0193055621973851	1	"cameraPR"
"GO:0032040"	"Down"	"small-subunit processome"	"CC"	0.00250232518925617	0.035340078582797	1	"cameraPR"
"GO:0032259"	"Down"	"methylation"	"BP"	0.000168139421242382	0.00670340461832265	1	"cameraPR"
"GO:0032451"	"Down"	"demethylase activity"	"MF"	0.000391184209859897	0.0111558072950772	1	"cameraPR"
"GO:0032452"	"Down"	"histone demethylase activity"	"MF"	0.00253843693344657	0.035340078582797	1	"cameraPR"
"GO:0032509"	"Down"	"endosome transport via multivesicular body sorting pathway"	"BP"	0.000369810656963084	0.032471173895323	2	"cameraPR"
"GO:0032580"	"Down"	"Golgi cisterna membrane"	"CC"	0.000752275451851626	0.0344970778609627	1	"cameraPR"
"GO:0033178"	"Down"	"proton-transporting two-sector ATPase complex, catalytic domain"	"CC"	0.000603522801365276	0.0295109391867908	2	"cameraPR"
"GO:0033365"	"Down"	"protein localization to organelle"	"BP"	0.00345470325109159	0.0432682783456453	1	"cameraPR"
"GO:0034212"	"Down"	"peptide N-acetyltransferase activity"	"MF"	0.000461679273016774	0.0293854807456992	1	"cameraPR"
"GO:0034248"	"Down"	"regulation of cellular amide metabolic process"	"BP"	0.00372178456523823	0.0450573135437249	1	"cameraPR"
"GO:0034470"	"Down"	"ncRNA processing"	"BP"	0.000164634023745013	0.0119034471875976	3	"cameraPR"
"GO:0034660"	"Down"	"ncRNA metabolic process"	"BP"	0.000910672742378128	0.0326929797590865	3	"cameraPR"
"GO:0034708"	"Down"	"methyltransferase complex"	"CC"	0.000538055212414086	0.0171907920799038	2	"cameraPR"
"GO:0035097"	"Down"	"histone methyltransferase complex"	"CC"	0.000882694332018704	0.0239748425977677	2	"cameraPR"
"GO:0035267"	"Down"	"NuA4 histone acetyltransferase complex"	"CC"	0.00161210127420213	0.0372528880433461	1	"cameraPR"
"GO:0036503"	"Down"	"ERAD pathway"	"BP"	0.0011958961729753	0.0364962438143378	2	"cameraPR"
"GO:0038202"	"Down"	"TORC1 signaling"	"BP"	0.000793793558403004	0.0279600294163699	1	"cameraPR"
"GO:0042147"	"Down"	"retrograde transport, endosome to Golgi"	"BP"	0.000219229757580032	0.0107481832500048	1	"cameraPR"
"GO:0042254"	"Down"	"ribosome biogenesis"	"BP"	0.00104966174400345	0.0311806548106902	3	"cameraPR"
"GO:0043043"	"Down"	"peptide biosynthetic process"	"BP"	0.00156918358096145	0.0269810333257258	1	"cameraPR"
"GO:0043044"	"Down"	"ATP-dependent chromatin remodeling"	"BP"	0.000621915465694241	0.0205119028139882	1	"cameraPR"
"GO:0043161"	"Down"	"proteasome-mediated ubiquitin-dependent protein catabolic process"	"BP"	0.00220651938069722	0.0333040351142518	1	"cameraPR"
"GO:0043189"	"Down"	"H4/H2A histone acetyltransferase complex"	"CC"	0.00161210127420213	0.0372528880433461	1	"cameraPR"
"GO:0043277"	"Down"	"apoptotic cell clearance"	"BP"	0.00109074770221159	0.0363048868222354	1	"cameraPR"
"GO:0043414"	"Down"	"macromolecule methylation"	"BP"	0.00121286504535897	0.0231593388661176	1	"cameraPR"
"GO:0043631"	"Down"	"RNA polyadenylation"	"BP"	0.000865787529833003	0.0299150205546108	1	"cameraPR"
"GO:0043632"	"Down"	"modification-dependent macromolecule catabolic process"	"BP"	0.00170368353783931	0.0335121975339809	2	"cameraPR"
"GO:0044257"	"Down"	"cellular protein catabolic process"	"BP"	0.00316836538002793	0.0480045977662586	2	"cameraPR"
"GO:0044265"	"Down"	"cellular macromolecule catabolic process"	"BP"	0.00306359581267225	0.0396937095918825	1	"cameraPR"
"GO:0044391"	"Down"	"ribosomal subunit"	"CC"	0.00208173865779791	0.04041969004501	2	"cameraPR"
"GO:0044769"	"Down"	"ATPase activity, coupled to transmembrane movement of ions, rotational mechanism"	"MF"	0.00162071607953825	0.0451112591232279	1	"cameraPR"
"GO:0045324"	"Down"	"late endosome to vacuole transport"	"BP"	0.00056908523003477	0.0220082876486915	1	"cameraPR"
"GO:0046540"	"Down"	"U4/U6 x U5 tri-snRNP complex"	"CC"	0.000524642512401642	0.0165621832779793	2	"cameraPR"
"GO:0046961"	"Down"	"proton-transporting ATPase activity, rotational mechanism"	"MF"	0.00162071607953825	0.0451112591232279	1	"cameraPR"
"GO:0048024"	"Down"	"regulation of mRNA splicing, via spliceosome"	"BP"	0.00270827662929355	0.0368001034122734	1	"cameraPR"
"GO:0048193"	"Down"	"Golgi vesicle transport"	"BP"	0.00136330291465931	0.0273228203900911	2	"cameraPR"
"GO:0048278"	"Down"	"vesicle docking"	"BP"	0.000455944225742332	0.0178584764014964	2	"cameraPR"
"GO:0048284"	"Down"	"organelle fusion"	"BP"	0.00158467855262185	0.04166096948487	1	"cameraPR"
"GO:0050657"	"Down"	"nucleic acid transport"	"BP"	7.51080488958017e-05	0.00373276714238313	1	"cameraPR"
"GO:0050658"	"Down"	"RNA transport"	"BP"	7.51080488958017e-05	0.00373276714238313	1	"cameraPR"
"GO:0050684"	"Down"	"regulation of mRNA processing"	"BP"	0.00145996051565852	0.0360386033130628	3	"cameraPR"
"GO:0050806"	"Down"	"positive regulation of synaptic transmission"	"BP"	0.00158501543083639	0.0483914552239113	1	"cameraPR"
"GO:0050953"	"Down"	"sensory perception of light stimulus"	"BP"	0.00161997639600501	0.031567690819906	3	"cameraPR"
"GO:0051028"	"Down"	"mRNA transport"	"BP"	0.000660449776934568	0.0155857377403471	1	"cameraPR"
"GO:0051168"	"Down"	"nuclear export"	"BP"	9.08815492811615e-05	0.0043383981683165	1	"cameraPR"
"GO:0051169"	"Down"	"nuclear transport"	"BP"	0.000388001444800715	0.0111558072950772	1	"cameraPR"
"GO:0051205"	"Down"	"protein insertion into membrane"	"BP"	0.00131456983937872	0.0320084521964161	1	"cameraPR"
"GO:0051225"	"Down"	"spindle assembly"	"BP"	0.000621380556694068	0.0148990295326998	1	"cameraPR"
"GO:0051236"	"Down"	"establishment of RNA localization"	"BP"	7.51080488958017e-05	0.00373276714238313	1	"cameraPR"
"GO:0051276"	"Down"	"chromosome organization"	"BP"	0.00233999794326237	0.0427003098302648	2	"cameraPR"
"GO:0051603"	"Down"	"proteolysis involved in cellular protein catabolic process"	"BP"	0.00247534619403	0.049590990062365	1	"cameraPR"
"GO:0051606"	"Down"	"detection of stimulus"	"BP"	0.000323268446295764	0.0239350596563476	1	"cameraPR"
"GO:0051875"	"Down"	"pigment granule localization"	"BP"	0.00374969419897509	0.0450573135437249	1	"cameraPR"
"GO:0055029"	"Down"	"nuclear DNA-directed RNA polymerase complex"	"CC"	0.00167796997113673	0.0342587972205326	2	"cameraPR"
"GO:0061640"	"Down"	"cytoskeleton-dependent cytokinesis"	"BP"	5.33112894757461e-05	0.0104440465925945	1	"cameraPR"
"GO:0061733"	"Down"	"peptide-lysine-N-acetyltransferase activity"	"MF"	0.00118250701701539	0.0451593206077034	1	"cameraPR"
"GO:0070382"	"Down"	"exocytic vesicle"	"CC"	0.00164743489068443	0.0493958163917613	1	"cameraPR"
"GO:0070534"	"Down"	"protein K63-linked ubiquitination"	"BP"	0.000777180929497683	0.0226822883655421	2	"cameraPR"
"GO:0070603"	"Down"	"SWI/SNF superfamily-type complex"	"CC"	0.00179161534741289	0.0220510920554178	2	"cameraPR"
"GO:0071011"	"Down"	"precatalytic spliceosome"	"CC"	0.00216573110417862	0.0330878799491675	1	"cameraPR"
"GO:0071013"	"Down"	"catalytic step 2 spliceosome"	"CC"	0.000508345464709328	0.0188384392209687	4	"cameraPR"
"GO:0071166"	"Down"	"ribonucleoprotein complex localization"	"BP"	0.000542996649465275	0.0138731820018311	1	"cameraPR"
"GO:0071426"	"Down"	"ribonucleoprotein complex export from nucleus"	"BP"	0.00068081301619535	0.0157795085737452	1	"cameraPR"
"GO:0071427"	"Down"	"mRNA-containing ribonucleoprotein complex export from nucleus"	"BP"	0.00234113127862698	0.0338391405532219	1	"cameraPR"
"GO:0071826"	"Down"	"ribonucleoprotein complex subunit organization"	"BP"	0.000237750447937373	0.0103419590989706	3	"cameraPR"
"GO:0071985"	"Down"	"multivesicular body sorting pathway"	"BP"	0.000369810656963084	0.032471173895323	2	"cameraPR"
"GO:0072546"	"Down"	"EMC complex"	"CC"	0.00165377223305577	0.0379739598830781	1	"cameraPR"
"GO:0090174"	"Down"	"organelle membrane fusion"	"BP"	0.000285160418661916	0.0125707174714015	1	"cameraPR"
"GO:0097346"	"Down"	"INO80-type complex"	"CC"	0.000564443438689548	0.012825972238027	2	"cameraPR"
"GO:0097525"	"Down"	"spliceosomal snRNP complex"	"CC"	0.000130678932904498	0.00743806818521302	5	"cameraPR"
"GO:0097526"	"Down"	"spliceosomal tri-snRNP complex"	"CC"	0.00063505900523	0.0162418698335521	2	"cameraPR"
"GO:0097730"	"Down"	"non-motile cilium"	"CC"	0.00168906471304317	0.0464236877190955	1	"cameraPR"
"GO:0097731"	"Down"	"9+0 non-motile cilium"	"CC"	0.000468499185845278	0.020234702931508	1	"cameraPR"
"GO:0097733"	"Down"	"photoreceptor cell cilium"	"CC"	0.000526622704127211	0.0219016146691615	1	"cameraPR"
"GO:0098687"	"Down"	"chromosomal region"	"CC"	0.000110563372194789	0.00911645259824306	1	"cameraPR"
"GO:0098793"	"Down"	"presynapse"	"CC"	0.0010308951550582	0.0349645941401745	1	"cameraPR"
"GO:0098852"	"Down"	"lytic vacuole membrane"	"CC"	0.00138785394176492	0.0457739463702102	1	"cameraPR"
"GO:0098876"	"Down"	"vesicle-mediated transport to the plasma membrane"	"BP"	0.00186791609081469	0.0473902068354944	1	"cameraPR"
"GO:0099023"	"Down"	"vesicle tethering complex"	"CC"	0.000747940053100117	0.0280940994044634	6	"cameraPR"
"GO:0099503"	"Down"	"secretory vesicle"	"CC"	0.000602180073353611	0.0292525084593672	2	"cameraPR"
"GO:0099643"	"Down"	"signal release from synapse"	"BP"	0.00135165448895586	0.0426417607472334	1	"cameraPR"
"GO:0120114"	"Down"	"Sm-like protein family complex"	"CC"	0.000279362951367594	0.0112831071484044	5	"cameraPR"
"GO:0140014"	"Down"	"mitotic nuclear division"	"BP"	0.00137337693266599	0.0377470569069108	1	"cameraPR"
"GO:0140029"	"Down"	"exocytic process"	"BP"	0.000483780420336681	0.018475319631384	1	"cameraPR"
"GO:0140053"	"Down"	"mitochondrial gene expression"	"BP"	0.00356719654278102	0.0440196906707808	1	"cameraPR"
"GO:0140056"	"Down"	"organelle localization by membrane tethering"	"BP"	0.00239958688775793	0.0347583514398525	2	"cameraPR"
"GO:0140098"	"Down"	"catalytic activity, acting on RNA"	"MF"	0.0030387891841413	0.0396572919426785	1	"cameraPR"
"GO:0140457"	"Down"	"protein demethylase activity"	"MF"	0.00253843693344657	0.035340078582797	1	"cameraPR"
"GO:0140535"	"Down"	"intracellular protein-containing complex"	"CC"	0.000253620232920709	0.0164022765349811	4	"cameraPR"
"GO:1901888"	"Down"	"regulation of cell junction assembly"	"BP"	0.00110505430795569	0.0292864671001894	1	"cameraPR"
"GO:1902493"	"Down"	"acetyltransferase complex"	"CC"	0.000392878688701804	0.0196301478322766	4	"cameraPR"
"GO:1902562"	"Down"	"H4 histone acetyltransferase complex"	"CC"	0.000461213427367483	0.0196264179193996	2	"cameraPR"
"GO:1903320"	"Down"	"regulation of protein modification by small protein conjugation or removal"	"BP"	0.00103981762116721	0.0414555860395016	1	"cameraPR"
"GO:1904949"	"Down"	"ATPase complex"	"CC"	0.00095824442406831	0.0153673968982643	2	"cameraPR"
"GO:1905368"	"Down"	"peptidase complex"	"CC"	0.000259752764188337	0.0142798607924526	2	"cameraPR"
"GO:1905369"	"Down"	"endopeptidase complex"	"CC"	2.94584264924622e-05	0.00343617788717041	2	"cameraPR"
"GO:1990234"	"Down"	"transferase complex"	"CC"	0.00185303805451689	0.0365112778821699	2	"cameraPR"
"GO:1990778"	"Down"	"protein localization to cell periphery"	"BP"	0.000499732717989316	0.0485636764896375	1	"cameraPR"
"GO:1990904"	"Down"	"ribonucleoprotein complex"	"CC"	0.00111788235530693	0.0295144894007565	4	"cameraPR"
"GO:2000779"	"Down"	"regulation of double-strand break repair"	"BP"	0.000455176612791107	0.0306144295618697	1	"cameraPR"
